	user_id
0	5855962
8098	25640404
11081	15503736
13789	9060667
22588	30300107
40680	3239397
45800	18370368
50836	13158758
52048	4630834
58305	4402180
64381	8461029
66659	5951636
71081	6469322
75598	3873064
77869	11725379
81788	28729735
83332	2235610
86242	36992286
87851	4750611
92132	10402426
94598	5639331
98721	11610053
103653	7744508
122187	9030280
123782	15922728
130091	2544119
133260	26405093
133846	4142595
141533	5426684
145348	29764182
151432	12777280
153722	49540554
154007	2364460
158015	3967787
166870	40416260
170421	2721205
173637	20059082
177099	2402401
186727	8991303
188543	22607863
192982	12408343
200019	7868901
205133	21263912
205583	36700672
208588	9409551
215058	3336418
217781	9024412
219858	1074564
221259	12438107
227292	21843046
229629	29271881
229987	32431194
232894	40326259
234185	7947307
237076	6745434
238957	13550637
239533	47220095
242197	36732243
244385	35536209
246679	5655956
249945	4961520
251802	2673250
257968	14854518
262550	12307322
265358	7861120
267957	7814419
272499	11638535
282024	5011138
284435	5584452
288432	5939628
298280	35486338
299083	15023657
300048	4920101
304318	8237175
307848	31413349
311060	4426314
315807	5742857
319559	45140441
319875	31269068
320273	3451327
323487	22470257
326526	33680615
330812	37647345
332722	17583148
334636	20730155
337107	17853667
339925	23547904
352327	35005200
354055	10913860
357473	2778746
360388	2444013
363713	2724525
368673	15496640
369409	35409795
375528	21679226
376726	26116902
380858	18419035
389964	3299068
402692	16997639
406166	31714039
409741	49021692
410128	14534204
412383	17350834
415619	9261021
417605	6846231
424170	47573363
426031	17986707
430796	32389609
434981	4624441
439083	7657807
445731	22090272
458816	6410008
460009	2355387
465721	20248627
467784	15397460
470151	5544243
477313	21897295
479565	21072247
481600	6894579
483106	3906142
490782	46321438
498526	5486622
504673	2595934
508492	28059571
511669	12402759
515104	5212998
518611	3700685
523154	21293090
529861	4673100
532815	2291567
539137	15788756
543273	17278493
548954	3666082
565908	2360071
577797	33888128
581609	4702888
588276	36403786
590718	12572303
592472	21918137
597665	5878541
614981	12782004
622215	40797498
624908	18670652
630828	34329786
634002	5860925
639932	10137159
641708	2226960
647994	2114683
650574	10676255
653956	49730837
656896	10921084
667586	5210514
677086	32195564
679074	32273986
680555	4536882
682592	39510567
686466	2531830
689166	20944341
691050	41646177
693923	48890742
696792	5368846
697481	10237901
699586	14561717
705952	4949750
708758	36003674
713568	9340185
715584	31181280
726602	40096275
727517	15765121
731288	7590351
736889	18741355
742443	28033289
746541	20425394
749489	12988742
752631	8213076
757955	6513665
760886	13807133
765016	39372961
765636	41695746
768541	9615794
774212	4058001
777016	42795458
778985	49313892
781197	29262671
783262	41155629
785989	12345980
792982	4714408
795177	7130544
800118	2542575
802751	33298919
810493	42948992
810984	3107125
812451	8806211
812982	41702834
816424	2010648
826578	8697393
827317	35234767
828990	5441208
834856	17618960
835511	37125262
840439	8832481
845724	8394254
854372	47553463
854958	2929651
857574	4304019
859473	37278772
861278	15791642
865793	10651552
869592	29271257
874236	3697999
879302	27082582
882218	17952377
885360	12677537
891051	12233103
895066	11025639
898807	5023935
901032	18649550
903678	5037301
909504	29403454
913182	7091988
918297	39683363
919342	3581547
924046	33176007
937107	4933370
939923	11330440
944500	5972102
949824	9421174
959733	14556557
962065	14163022
965280	8488102
968177	10259834
973884	25200097
976457	1042860
984955	24426318
989515	27025998
993778	21136659
1003359	33851758
1005779	36981191
1009518	10603440
1016033	13776857
1017687	29005512
1019649	8684631
1030781	18040756
1031826	21638688
1034837	27974865
1037371	28842557
1041243	49149046
1042814	41190802
1044327	5014463
1046859	31400742
1053372	8547006
1055833	39696724
1058250	19199537
1064160	33099675
1068548	5762527
1072203	10102730
1076727	36702025
1080285	7405199
1083989	4262927
1088761	34983642
1090139	3439260
1094378	2437832
1101514	3842093
1104492	4664425
1107442	7138659
1109960	2152745
1114412	4387327
1118152	4793630
1129253	13610928
1130189	41511744
1132671	7575716
1136588	23850979
1141371	22238827
1147732	33451331
1161457	7905607
1167257	12523789
1171512	21058522
1174888	5727169
1186941	25213520
1190300	14352318
1192979	46818936
1194370	11719456
1197512	13261985
1201791	49540926
1202371	20488934
1203654	18384535
1208627	48165710
1209653	7054082
1212515	2769110
1215093	12331218
1218080	11205295
1221430	10302033
1224839	3336170
1227616	33857507
1228011	10377657
1230569	48301096
1231550	3537309
1233712	3177206
1241258	18934522
1242509	5230840
1250554	10144757
1251648	8353608
1254936	17323450
1256866	4699785
1259561	8196618
1262526	36507594
1265432	42542639
1271467	7438644
1272907	2536308
1277338	4468186
1283069	7911354
1292659	9769556
1300594	19192269
1302641	48458364
1305117	42473672
1306275	6757456
1311775	34049868
1314107	2307872
1317436	40786335
1327032	4830083
1337084	5607389
1344880	8049814
1347780	3323773
1351276	14454220
1351943	46710977
1352305	4528944
1353567	46543755
1355829	12597255
1362691	5645521
1366992	11115015
1368833	38006877
1373031	3385396
1375176	37006175
1378609	10555018
1380002	18670289
1381751	46857889
1385721	30357075
1388628	8589595
1397242	48116484
1397780	29566235
1400151	31118934
1402167	46440568
1406879	33218755
1409435	30192221
1412999	10205403
1416216	15430577
1431203	14718892
1436712	8742997
1439452	20336729
1447454	37205242
1455055	10568580
1457626	10468851
1463816	47168222
1467229	18556633
1472623	20917024
1475725	15051424
1478643	9470284
1479553	7995811
1484403	6801596
1487765	37378819
1488439	14633797
1498351	32392680
1499379	7272599
1506396	3289165
1509784	21830560
1512058	27948881
1513828	1044912
1520358	5624610
1523727	19013123
1524811	8486460
1527825	49645015
1528708	6598910
1531291	11544773
1533708	31071775
1536774	33153674
1537905	22090755
1543640	39311634
1544187	17179199
1547625	17005170
1556618	48452737
1559530	7399437
1561419	16974766
1567210	4523353
1575086	12773812
1580441	5224956
1586623	41156258
1589983	3507776
1592172	2732153
1595140	8603451
1595730	5481913
1599742	5814917
1607418	6921244
1610887	10156063
1612547	12392116
1616657	19067788
1619488	25067311
1623928	11819149
1628825	46189561
1631650	4691386
1636915	23639569
1639861	5575276
1644069	49600260
1644717	2889791
1650671	4332734
1659712	42309696
1660373	22544504
1661004	20802507
1665738	7768595
1670027	25613373
1674017	16371494
1675659	26340931
1685712	31775505
1687311	38815152
1691156	6211869
1694972	28117230
1696536	2601352
1702009	18417490
1704842	2303707
1714120	5450793
1721620	29617139
1723602	12576202
1728295	32226961
1730465	38133732
1735041	9216900
1737634	29338938
1739619	16011170
1748284	4997603
1761090	36070945
1762529	20983604
1764037	20516957
1768206	7845681
1774340	37952096
1775470	4628088
1780456	11686157
1783783	2020050
1788322	33004158
1794729	22177337
1798205	1054946
1806045	6615470
1815241	32940505
1817825	10243958
1818285	32478839
1818951	39437289
1819930	22680353
1822156	48700136
1823947	3701178
1828542	4154544
1834214	49109722
1836205	2774324
1840095	5933717
1844441	33816422
1848422	10713419
1858463	3474083
1860729	3161092
1864849	34436344
1868099	11287273
1871652	13161589
1876885	3664659
1884492	12823478
1888016	9694782
1894078	17063853
1898595	2429166
1912070	27021694
1912819	12280213
1915374	5980412
1919080	49221318
1919388	41078699
1920410	19523731
1925604	24727309
1933573	34088988
1935246	19852072
1940172	3593155
1953029	31010668
1953305	2634115
1959656	8117727
1962630	10911241
1964787	5836994
1970120	4963478
1980577	11433462
1983479	2106499
1991525	48810364
1993264	4449725
2001597	2197109
2005531	5822642
2010027	37696533
2013224	41880941
2013680	2037575
2027081	5489004
2030186	38561044
2032938	18880636
2033484	2466852
2035829	2344331
2047852	3368363
2054511	29735176
2056794	2739155
2060188	2065460
2067298	6464898
2070918	42902834
2071451	20943039
2072282	34357803
2072542	16670891
2075042	10205459
2079079	20628474
2086172	28855538
2089367	8203533
2095606	39711608
2096618	8493538
2099413	9795066
2103871	7744025
2106846	49362190
2108639	31345987
2110265	6992664
2112735	9008031
2114157	24447790
2117952	13928853
2120261	47796134
2121611	25927496
2126771	8573642
2129906	30917475
2130786	3456803
2133599	9051291
2137721	22135385
2143789	16976956
2148696	21211675
2150966	10715420
2157862	33069335
2159010	3364433
2164492	36572025
2171962	10555427
2176935	24318183
2180947	3530632
2184136	2473906
2189643	13816509
2192487	15852717
2194642	32197468
2198820	20306549
2200788	3608137
2202290	30627937
2206505	21223916
2207981	24104734
2211810	5605700
2215854	4812967
2221478	4522323
2224970	5072629
2227978	47234936
2234436	18576837
2238739	30339296
2249600	4198221
2251163	17651588
2252474	35623684
2253473	2590118
2259762	32934623
2265332	9187569
2271989	19613573
2276565	4422382
2280531	9709905
2281598	22102937
2286630	27085235
2292231	2381673
2293666	4941484
2302759	27989426
2304178	7934108
2313173	5177798
2317263	2250707
2323560	2788120
2327136	16771997
2334445	49938476
2343621	3499040
2348145	8545397
2355790	2474092
2359263	7868216
2364341	5912451
2370170	8014655
2373047	7127522
2376816	49430457
2381264	15428528
2383207	4570878
2393900	7311509
2399485	16768857
2407487	47512197
2408990	10819889
2418585	46040425
2425379	17107482
2431525	11172356
2440373	14676529
2449322	12392353
2455759	32257279
2460644	9673030
2463453	35213475
2464354	7555861
2471171	45374939
2471837	3934806
2479842	8299251
2488479	34733041
2491086	16370806
2506975	8507918
2514213	5970504
2527208	25200792
2532473	12270698
2540935	9432169
2545064	37527786
2545928	3042872
2550544	2975492
2556715	4206892
2559539	6122969
2561537	13294804
2567687	4973667
2569250	11447278
2573669	1016310
2584500	47085055
2593904	3429713
2598115	31763536
2599657	37777688
2604205	8684448
2614342	3134534
2621473	2492313
2623537	7365468
2631102	30080550
2645359	26442103
2648870	6105269
2656304	3288541
2659238	17248300
2669071	30684280
2673092	4058097
2683094	31251573
2687247	40223525
2689575	12429339
2695258	39162252
2696753	12828499
2701387	1046659
2707776	9985616
2712973	30054538
2720733	22526211
2723630	42538426
2725479	5605694
2737041	3143236
2742807	8725808
2746563	4696936
2755834	7659131
2763868	12191317
2768887	9907830
2779106	2920519
2790276	14344998
2796901	13957772
2798362	3455830
2802623	7979064
2816582	32601459
2821439	34758509
2824709	48615188
2829015	21638487
2833207	16334372
2836733	6927089
2847183	2030825
2856389	19477396
2857413	6337792
2861746	31751390
2862909	14407133
2868350	23583846
2870472	2404306
2874353	46898621
2878725	18487069
2880234	6787529
2884933	5051853
2888187	8871850
2896000	39763027
2899224	13092033
2902968	12672820
2914307	5792890
2923063	7647363
2932857	26494323
2938615	11173023
2948225	6579836
2954109	10124692
2955327	2470697
2967898	13885754
2975439	47196913
2983175	13113238
2990575	9290332
3001965	5031202
3004695	36031516
3015992	5114754
3020613	42232664
3034004	2448295
3038627	3533455
3040978	5402397
3048078	7218704
3054179	5501469
3060544	8996460
3065052	2502167
3068562	2121703
3075893	10946441
3084945	3619631
3088394	4424192
3094724	6617508
3103961	2060645
3110084	18681753
3116317	20360434
3122364	49470340
3126338	4735480
3137153	39257377
3138609	26291279
3145965	4086762
3151812	2948640
3155737	2806524
3169856	3800503
3171405	3750117
3174620	2183546
3177465	22896614
3181403	11730622
3186448	37684697
3189463	35461172
3192708	22089088
3198482	2637232
3200351	21313829
3204274	3688491
3208405	34207051
3211704	4520742
3221072	43065603
3225027	15257582
3228620	19351266
3237117	7944812
3240200	5521795
3242842	7770170
3248819	6186460
3263117	21354011
3264204	6075061
3272511	4227090
3279524	2302641
3281841	36427768
3284465	5179680
3291808	4948442
3293241	5633920
3299371	28478053
3314588	40334149
3322246	14965780
3328503	13600916
3331333	2399681
3333923	5604823
3341259	29887647
3349294	17270837
3353703	4581588
3358084	17773316
3367107	8799717
3368824	8516794
3375337	5411921
3382285	22213101
3385978	26460115
3387017	2983557
3391022	2401202
3402145	33006668
3407748	48859697
3408295	7674192
3414336	46813206
3432039	26607335
3434909	11602082
3435164	2491316
3444664	35157740
3446280	10089903
3455548	9710724
3462551	3561283
3473649	25818883
3480170	45370395
3483326	42873093
3486893	35385782
3492295	48236671
3492712	19313977
3497978	2642948
3506848	6623449
3511697	3711616
3514605	33663145
3519342	38477068
3526097	3703466
3537988	8708635
3546961	13623137
3551346	2269169
3555670	17138984
3559041	8887269
3561475	14214744
3566131	2391326
3572603	7258785
3578437	2651516
3589098	29399911
3590319	13184680
3594881	33943520
3601279	22354333
3604065	5812421
3613388	11368151
3624141	2113635
3628500	4272514
3634666	29696087
3642043	10077522
3642673	9118207
3645298	14854848
3651318	2865125
3660357	8009658
3660945	8752452
3668370	7373774
3680459	28408470
3686256	49768875
3687308	21276203
3690332	48731733
3691990	4979985
3698351	26679329
3708211	48815191
3709264	2375358
3719957	32901575
3723960	15911643
3727596	13053994
3735536	22515858
3746272	45760583
3748587	7117855
3753249	22124906
3757438	21360432
3763623	2982476
3765449	38503176
3766205	17385613
3772071	4046678
3779747	9584848
3786437	29584975
3790184	9703707
3791443	34285809
3793846	15705256
3805384	8007743
3815217	8670576
3822622	42340559
3824885	5979178
3834869	5675377
3839788	3194370
3843156	5655771
3847693	5914231
3852879	16109044
3858763	24548583
3861294	2271057
3869586	15623068
3872014	8819768
3879121	26150126
3886968	42113386
3889297	27962378
3898826	28091044
3907142	11185283
3909101	5168110
3915863	6616978
3925665	27112160
3928842	40157329
3939569	17647859
3945388	20499836
3951043	3604094
3955022	25994959
3958244	19761889
3962521	10608954
3968028	20316808
3970185	9316679
3974364	37478061
3974792	11655886
3986783	25800275
3993226	41135098
4001435	7432570
4009608	10630563
4022713	31343745
4036378	12405869
4039031	19266586
4052775	2672262
4055651	5242196
4066752	46725414
4067083	25266385
4068690	8861522
4075005	3202002
4088385	42559926
4100455	2330077
4109990	38697340
4111293	3716638
4119717	39718553
4122656	3514812
4123882	5879236
4126490	4873724
4133359	10701433
4139158	4893768
4146046	3059654
4149411	38459566
4154321	29991215
4155923	26351483
4162147	9435710
4173544	5256052
4176729	47413356
4177710	12401439
4187053	3009883
4190152	5403445
4204022	21011900
4209936	5262345
4213483	29434873
4229120	21291815
4237405	3943446
4241116	24166902
4249103	25502174
4251170	7996631
4258076	33070706
4260252	17299128
4262023	46916970
4264455	45267186
4264907	45246404
4265726	8275224
4266591	35302266
4267143	40859024
4268284	42592900
4270091	17027131
4270769	19168919
4271674	17563819
4273224	23653930
4274465	48573871
4275812	33090327
4276912	47860393
4278227	23415928
4279097	49155603
4279577	6869502
4280547	11788491
4281654	27855020
4282889	45825424
4283756	24583048
4284162	46809746
4285030	38861750
4286253	49333986
4287122	48983418
4288494	41130705
4290412	35946806
4291051	15691838
4292316	45424214
4293917	48735480
4294872	4339278
4299524	42998380
4299891	45322084
4300455	7251802
4301861	48654148
4303059	31455937
4303548	47073838
4303741	37745717
4304853	47807130
4306624	36293873
4307240	47189039
4309196	49332211
4309711	31228095
4310516	46705299
4310674	47209938
4311131	19643977
4312832	48990110
4314488	47085917
4314931	5436219
4316633	46177654
4317994	34814082
4319730	47134630
4320419	29466852
4322011	33488935
4323411	46607041
4324398	49318740
4326584	41772440
4328308	39369672
4328796	18873623
4329838	12266328
4331161	4767184
4332526	18302089
4332900	30693021
4335283	47651634
4336646	49335689
4336923	48680725
4337937	33924149
4339656	48972843
4340674	48834434
4341164	4858019
4341856	10308899
4343187	37806121
4345391	46919319
4345946	16002526
4347346	47555429
4348244	8100673
4350919	42901021
4351570	41534491
4352191	40505305
4352799	26489760
4353588	40817437
4354271	36123847
4355265	49461547
4357658	49449901
4358893	22437553
4360236	6769308
4361257	45333269
4362050	5974019
4362540	23502173
4363498	41864985
4366710	48407745
4367717	28106674
4368050	39209726
4368465	17464089
4369271	32323118
4370325	33618491
4370953	48524177
4371162	14095753
4372112	38129423
4372835	38772658
4374434	28133327
4376076	25120596
4376773	41031505
4378175	10644118
4379697	7352980
4379932	47218799
4381066	15553127
4382215	46656329
4383345	21702349
4384123	34714153
4385150	49891735
4385677	46641176
4386821	49527728
4389288	7194586
4397981	39713064
4399555	4810733
4400782	2343949
4402040	48990091
4403939	16408294
4405253	16029967
4406806	2228416
4407351	38056798
4408607	32549789
4409106	34649823
4410452	8922196
4411563	48573047
4413295	31738072
4414185	15084517
4415350	47920599
4416127	15659229
4417336	48977780
4419069	9447748
4419972	49203940
4420095	47601186
4421010	46808608
4421555	47295849
4422363	48910858
4423561	48224782
4425088	41742424
4425863	33441755
4426535	47575246
4426941	46807759
4428260	47917900
4428835	9221959
4430113	49588011
4430875	41422762
4431492	49138657
4432440	49120259
4432760	19018821
4434147	48090860
4434933	29077703
4435235	7921256
4435856	13779253
4436260	49486610
4439263	23365873
4440461	32207059
4441590	39890764
4441847	45880632
4442984	32888015
4443666	4830574
4445015	31868523
4446096	9580134
4447395	46954914
4448374	46967365
4449568	47333600
4449683	14546422
4451346	45571560
4452658	8234548
4453917	47442129
4454605	45414615
4454790	6101031
4455975	37684239
4456689	26049047
4457650	41771434
4458414	39864116
4460117	37549745
4461031	46504972
4462084	36584867
4463351	49197303
4463632	35286064
4464687	49845072
4464751	47940919
4465483	3096933
4466232	42007795
4467190	9792835
4468664	48112279
4469282	9080154
4470050	40504289
4471053	48178607
4471739	48712855
4472935	22155085
4473731	50004628
4473799	49650453
4474514	45612036
4474960	14367853
4475538	47823751
4476485	15611693
4477349	45896434
4478169	49510733
4479533	49165263
4479860	11513265
4482508	21790269
4483329	23166284
4485337	41830926
4486364	49187271
4486659	24595413
4487138	12374939
4487783	12301745
4488493	45210009
4489177	31305913
4490394	49905449
4491248	34802094
4491521	17167672
4492573	39324255
4493822	49461266
4495946	8908387
4498097	48514531
4498327	46731497
4499086	30537860
4500016	40193680
4500604	47575761
4500885	15003247
4502064	21371302
4503320	49950922
4505025	48423708
4505437	48841754
4505703	48313723
4507218	49404031
4507571	43047261
4508027	17223274
4509492	40207481
4510271	49556124
4511510	40388021
4511647	46916669
4512017	33093252
4513275	15250824
4514469	42780659
4515528	10992247
4517852	46969926
4518631	49156877
4519062	8167446
4520486	10723200
4522594	49993577
4522958	6581645
4523389	42759789
4524680	48720167
4525417	33451361
4526373	28658468
4526637	48078360
4526724	48920371
4527376	16793916
4528502	39673315
4529195	49903196
4531094	49494691
4531297	49448177
4532658	38118463
4533671	24351126
4537202	33269039
4539149	48335160
4540170	46013365
4541300	2069426
4542223	48956685
4544317	47802313
4544656	23840867
4545166	45900453
4546367	46151162
4547815	14365821
4548863	8099267
4550104	39903857
4550887	48883699
4553091	34658755
4554410	45941822
4557291	48344185
4558106	48337977
4558969	16443436
4560557	41253237
4561274	4797870
4563419	26888427
4563811	46094481
4565139	30392858
4567180	32377443
4568066	48478893
4568543	17218407
4569999	47664801
4570732	23893703
4571308	47109450
4571827	22664444
4572387	34561337
4573356	48807432
4574610	17228623
4576036	49808315
4577021	10979237
4577572	47885785
4578365	48812404
4578777	45676906
4580434	19198296
4581487	23514255
4582251	46112882
4582823	12053140
4583741	31620831
4584403	48896126
4584969	48537856
4585323	33074587
4586979	49146039
4587842	46804304
4588627	16459421
4589874	46039374
4590813	49899177
4591276	45538967
4591944	47699614
4592849	46775102
4593978	47580737
4594711	39680207
4595581	32736693
4596252	18563105
4596548	49849522
4596580	14473139
4597861	38241159
4598769	46003903
4600359	6838332
4601451	45590985
4601766	6824356
4603090	30095933
4604402	12186296
4605231	10635669
4606430	23789375
4606584	47238743
4607399	24698750
4609197	48683517
4613039	33968613
4615168	38368350
4615701	48216668
4616731	4527025
4617719	20189361
4618441	31238004
4618802	34609229
4619361	47511782
4620632	12318273
4622030	48257567
4622761	15915009
4623598	49075928
4623869	29851619
4625502	19444733
4626288	39021967
4626961	49277727
4627866	42461692
4629284	17872357
4630179	46139649
4631210	34776955
4631632	46976917
4632062	8579915
4632795	11764290
4633971	6790379
4636534	41940929
4638000	15689179
4638768	49776521
4639591	35219549
4640731	20361818
4641175	41951901
4641578	32667203
4645073	17589172
4646509	48182214
4646595	11555959
4647855	41493550
4649026	47340619
4650312	30246408
4652047	45759328
4654398	4339815
4655837	41034592
4657130	29083761
4658438	27941565
4660506	21689643
4661008	48614060
4662383	50045912
4662943	48501418
4663463	35741450
4664216	2072651
4665790	49482800
4666327	3440053
4667250	11096191
4667834	35562601
4669350	15858605
4671032	48194393
4672204	49050241
4675071	48346852
4675718	21210550
4676837	13876752
4677709	45526770
4678841	46857855
4680413	42734556
4681677	45612523
4682148	19684460
4682474	8104697
4683204	49357507
4684444	48679867
4684765	38435880
4685790	42857978
4685928	10366858
4687890	39740108
4688948	19147473
4689439	2647267
4690502	49016050
4691212	5344914
4691627	38707330
4693032	49351094
4693532	11606572
4695431	9638924
4696483	46827472
4696738	47313394
4699375	49065207
4700047	38937826
4700376	49354341
4701093	31758710
4702176	18177035
4702730	48905355
4704178	30541067
4705928	5869546
4707535	49362316
4708081	47221271
4709090	49973165
4709540	48411075
4712335	49394859
4712767	22703194
4714316	49023526
4714606	4703631
4715972	2440147
4717734	36142815
4718319	48166475
4718716	36797741
4719532	35389077
4719969	42508198
4720724	47605895
4721774	40382057
4721891	2953888
4722401	49381075
4722743	48947163
4723432	48347900
4724541	48720046
4726045	42534814
4726627	41477932
4727107	18148831
4728810	49708944
4729780	40746700
4730159	14811586
4730856	12688407
4732845	46682753
4733465	29164202
4733959	49108331
4734299	48686622
4734631	47309652
4735476	21288755
4738327	45824779
4739122	12431804
4740009	49757081
4742203	22222642
4742796	34662274
4744228	49447014
4745361	49179954
4746121	12407081
4746807	34134325
4748616	38072330
4749650	31228633
4750247	47545433
4751361	46689621
4751877	41866598
4752734	3118684
4753072	41705762
4753562	48814063
4754228	45433614
4754939	16467825
4755721	49198336
4756518	20956082
4756945	34271405
4757577	48951008
4758129	26865726
4758743	37692750
4759064	15726002
4760550	49022583
4760902	26949465
4762095	27807433
4763132	38150134
4763979	49784529
4765413	47111505
4766091	32864867
4766909	46709749
4767419	39405441
4769166	49932292
4769881	48711730
4770792	23012507
4771603	16225188
4772614	2077772
4773134	20053399
4775383	46947386
4776265	38487070
4778156	5337796
4780149	35412678
4780462	48278235
4780776	49692179
4781427	42305072
4782269	25491357
4783378	36008768
4784242	13328434
4785593	2666342
4787057	47197376
4787315	16236451
4789774	49894598
4790609	36781355
4791299	5499277
4793359	45659294
4793988	16647888
4795356	48323522
4797755	11016246
4798915	48558601
4799238	5219484
4800554	40955215
4802988	39749021
4803654	12157873
4805708	48369284
4806133	7637339
4806823	46225859
4807407	9046531
4808498	47062452
4809491	4670720
4810037	14541158
4810801	12378939
4811161	26890583
4813183	12009137
4814042	8963392
4814881	35533782
4815468	37508805
4816069	48165563
4817743	24718501
4818563	48379808
4818632	40650998
4819446	28853168
4820218	47680510
4820891	39428222
4822206	37922674
4823005	45463112
4823610	9934412
4824548	45266915
4825889	10232643
4828208	36504975
4830398	48999242
4830639	47594107
4830979	38077716
4831365	29988586
4832197	47824976
4833184	12436751
4834359	49533183
4835048	35351477
4836514	42188042
4836980	10629768
4838856	34584462
4840839	49034598
4841354	48964190
4842041	5878583
4843496	10422356
4844519	45272881
4845322	27697391
4845908	19388957
4847209	47284384
4847970	49828634
4849721	6917264
4851393	18405703
4852452	46328912
4853376	11854632
4853767	43036941
4854624	18748284
4855368	46877780
4856377	26476626
4857506	41485967
4858576	49403347
4859077	47760562
4859390	41411250
4860513	7564085
4861907	7709567
4862767	22452203
4863843	32420336
4864194	25718956
4864661	45270550
4865038	15284878
4865992	46684694
4866909	42810497
4868356	17782550
4868888	46193172
4870241	33619196
4870540	49332104
4872658	11145574
4874340	47359510
4875731	48899554
4876096	37135440
4876938	22772846
4877798	5966231
4878800	19904886
4879359	49840210
4880101	47393804
4880778	37893192
4881091	49576679
4881641	48122479
4882834	40740021
4883183	39874626
4883787	49132369
4884854	50050368
4885343	48332786
4885682	39816066
4885867	37856743
4886713	47001840
4887232	43041261
4888619	41073204
4889131	6212392
4889819	41730901
4890303	40430910
4891066	47933852
4891482	49586408
4892146	49931588
4893146	9131518
4894232	12760098
4895392	37293950
4896059	47877334
4896694	26617000
4897509	39575236
4898104	11293959
4898855	13885855
4899713	49261699
4900306	8875284
4900932	20361726
4901315	49304805
4901936	41837024
4903251	46490788
4903787	8915369
4905085	48817809
4906002	40217158
4906723	19342479
4907524	47787729
4908380	40436983
4908503	48391271
4910569	42368272
4911550	49321836
4912679	21310333
4913750	2786423
4914028	48892084
4914238	45307603
4915269	48871733
4916181	20838319
4917933	10106919
4918305	41375179
4919056	42106351
4920140	16497236
4920758	9122574
4921986	34599960
4922970	6036349
4925133	34011745
4925394	48427939
4925743	13508106
4926689	12143026
4929475	25915224
4930140	5630435
4932084	45469505
4932274	48467509
4932919	47943630
4933755	38358057
4934903	12387801
4935713	15318005
4936769	49040347
4937688	34178183
4938803	48890511
4939734	2102912
4940542	26702958
4940865	39637124
4942923	6385345
4943931	49728510
4944956	49317317
4945949	20138152
4946285	8200506
4947897	38914672
4948236	48244077
4948887	14887814
4949935	39242646
4950557	8233695
4951323	18064218
4952333	47486216
4953473	46872198
4955525	42279750
4955958	22230596
4958266	15856365
4959379	45638455
4960043	49807970
4960387	47780512
4961085	7057539
4962049	25011379
4963362	49117103
4963903	41647681
4964329	45420560
4965816	37127305
4966855	33902839
4967585	29461162
4968243	31399580
4968657	4738872
4969572	49401577
4970838	39774490
4971349	38599282
4971984	49251388
4972097	32415964
4972972	49599954
4973616	47476364
4974570	48052372
4975557	24637310
4975937	33074752
4976934	8077548
4978350	49518751
4978577	25608028
4979489	49896296
4979715	21557890
4980375	40074865
4981426	42802498
4982999	18413444
4983635	49842401
4984183	30370198
4985259	3512826
4986083	39982931
4986825	36261685
4987853	24763259
4988824	34206713
4989263	49786879
4990453	2563772
4990728	42511288
4991309	37592995
4992705	41504607
4993061	48291771
4994678	48597486
4994989	49112008
4995368	23730647
4995959	48430608
4996824	39611669
4997616	49015413
4999137	48911980
4999326	39101906
4999806	48494122
5000307	49356221
5001623	49792751
5007733	49048970
5008862	49560891
5009238	47646622
5010558	14973344
5011515	29898340
5012387	45983980
5012880	35841187
5013629	46123741
5014372	48430711
5015642	48352980
5016071	48828048
5018078	36993003
5019593	37849040
5019997	19188698
5022944	47534736
5023912	42724932
5024583	49403798
5025683	5603061
5026694	40088805
5027992	3290198
5029006	42838736
5030075	33025823
5030791	46752709
5031887	2176243
5032540	33139801
5033438	48815126
5034479	18342936
5036697	43105818
5037270	5422101
5037911	34346681
5038794	48099530
5039395	47778909
5040519	46636231
5041688	47356873
5042032	46643058
5043170	49846768
5044449	3391655
5046089	42654226
5047856	47664696
5048401	38749938
5049314	41588201
5050029	28698242
5050463	41439344
5051329	11059157
5051951	49547071
5052447	16650364
5053013	12505459
5054170	10567041
5055106	31538972
5055927	25527759
5056726	48869469
5057830	24927529
5058371	31298472
5059361	4310987
5060109	49676961
5061314	34675880
5062706	47695142
5063227	14323932
5063926	48907815
5066231	49079087
5066590	18729639
5067278	49240686
5067820	13613092
5069199	49486937
5069602	3010061
5070660	46873753
5071624	14894918
5073384	49860542
5073924	39807377
5074726	7830966
5074996	39683095
5076169	49316168
5077082	48675079
5077755	40397736
5078603	48712295
5080998	3357360
5081593	48068467
5082362	45280832
5082696	49871278
5084067	20419957
5084961	47005823
5085755	38438101
5086532	48145072
5087297	14429320
5088129	5685740
5089140	49408639
5089879	49495166
5090582	10925897
5091547	47552823
5093193	35353732
5094738	49541725
5095752	3966666
5096836	49710010
5097048	49599312
5097501	47669597
5098181	42359080
5098866	49208755
5099418	20427721
5101182	3410593
5101910	26105995
5102681	49439505
5102908	21491155
5103999	42232203
5104800	25573094
5105730	23438235
5106268	45235176
5107009	15021590
5108041	48899822
5108717	37579630
5109711	36162571
5110682	42673465
5111895	46173943
5112586	48878590
5112896	41896759
5113617	7253343
5114414	19012111
5115625	49845001
5115928	34636991
5117784	9245846
5118667	4315143
5119468	22629961
5120123	48805103
5120889	7255402
5122155	4647093
5123031	13828470
5124266	45579676
5124910	47907509
5125885	36322413
5127228	49445360
5128170	16384794
5130542	49192849
5130781	10186726
5131446	40456210
5132116	39358980
5132475	15242272
5134875	46938716
5136476	49701237
5136891	46161742
5137605	38673311
5138432	14490975
5139804	48621491
5140951	49730886
5141823	47752393
5142117	48037601
5143858	11861848
5144705	20774128
5145731	47626359
5145817	41656732
5146275	10982495
5147403	18608983
5148007	48680337
5149007	48897162
5149487	42270701
5149839	45687548
5150276	25890056
5152198	49325755
5152450	47982113
5152764	19988190
5153720	46083461
5156428	48641002
5157371	49045508
5157609	22193791
5158217	21262429
5158870	2248837
5159379	46005340
5159749	49725357
5161503	13414272
5162263	49006633
5162619	49152516
5164487	46422921
5164684	48704533
5164941	48512262
5165959	28599564
5166578	33181796
5167735	29598523
5168617	39330251
5169416	49638065
5169855	49197105
5170153	42571568
5170826	6232078
5171772	32945882
5173122	10242776
5174436	39548698
5174978	39509118
5175250	8572895
5176214	21682549
5177623	7790069
5178459	16497295
5179489	49099730
5180595	29531605
5181349	37343993
5181833	8781173
5182752	12744585
5183077	4053977
5184807	48802851
5185588	49460167
5186773	48709523
5188433	33928355
5189084	36749504
5189810	48663094
5190561	15392508
5191718	32444356
5192486	46860034
5193772	6801885
5194707	20992559
5195571	28780503
5196283	29670920
5196743	29729109
5198024	49877694
5198734	8181261
5200350	10319879
5201470	47667024
5202010	39945198
5203393	33059935
5204432	37414981
5205340	46164762
5206206	10527940
5207971	23041505
5208564	30890666
5209359	33783422
5210031	48105918
5210237	39492032
5211193	46175557
5211645	22158538
5212732	41481435
5213077	49643180
5213525	33883825
5214440	28206976
5215306	32382786
5216127	41592772
5217404	48937391
5217605	11784089
5219700	47253314
5220500	42175278
5220957	47346017
5221477	49535187
5222172	45987504
5223462	39807073
5224119	47871795
5224373	18236972
5226436	42509709
5226705	39203226
5227729	49557610
5228318	13079097
5229840	46025504
5230030	6663175
5230973	47981262
5231586	13427584
5232634	46832661
5233556	15171425
5234731	41307880
5235417	19459669
5237071	27177589
5237673	20871413
5238786	48761153
5239453	48897028
5239646	49558628
5239861	47212358
5240381	47475505
5241096	3652631
5241979	4058032
5242189	42320204
5242626	26379175
5244073	3156194
5246096	49438483
5246491	22532512
5247343	28629522
5247742	35267778
5248334	32555236
5248956	49112223
5249621	49130877
5249930	46980314
5250620	48960147
5251049	48175867
5251772	49447576
5252177	8969310
5252949	31875860
5253590	19911778
5255152	41955828
5255869	48244984
5256921	29432229
5258742	11693759
5259303	37266311
5259693	20397029
5260136	33459863
5260635	48614309
5261048	38781984
5261704	49800380
5262834	48243386
5263674	45829326
5264702	48005902
5265596	47501016
5266387	2147380
5268128	4991010
5268599	14258251
5270181	42790424
5270624	47945926
5271332	46111414
5272227	43076581
5272927	45174109
5273548	42637081
5274435	47094747
5275228	4126840
5276257	49709179
5277500	15028415
5278573	47537935
5279822	16574778
5280370	12195962
5281771	47595076
5282408	40440017
5282898	49952585
5283392	48844581
5283830	49252518
5284225	46367382
5284929	8437253
5285410	49969932
5285751	45625189
5286880	14217328
5287699	49390887
5288066	49280589
5289099	37355242
5290083	39673309
5290371	39407501
5290883	25829086
5291546	19973105
5291944	6897805
5292873	33695988
5293747	38540299
5294595	15349281
5295604	47726839
5297002	37017852
5298753	49347131
5300083	49657019
5300441	6610769
5301137	49523852
5301543	10135507
5302394	34745533
5303938	8208488
5304713	49246138
5305101	47784742
5305499	48709219
5307184	40524427
5307628	8778571
5309570	48998700
5310844	48106946
5311887	47134155
5312720	45207764
5313153	48987865
5314068	32626681
5314712	46599410
5315266	47371229
5315601	31849043
5317091	48819283
5317622	47227581
5318237	27926778
5319174	39537721
5320128	30875830
5321332	48256588
5321735	41388432
5322346	9847756
5323527	32928722
5324397	49756177
5324613	20626648
5325293	48768627
5325853	48691849
5326405	37221922
5327364	7248992
5328058	46246697
5328741	48548843
5330818	21297757
5331653	49198261
5332532	41854478
5332926	48564995
5333981	49420666
5335064	39785132
5336346	14302761
5337119	40425632
5337809	39091791
5338580	28950698
5339668	29841495
5339900	36332585
5340517	48092045
5340873	48916151
5341160	7735337
5341806	49721201
5342519	49285892
5342887	25398485
5343378	30499444
5343961	46579246
5344070	45716438
5344627	48650511
5346385	38017559
5347344	46107140
5347798	32656567
5349881	16002829
5350656	9720606
5351430	48309627
5352063	38096749
5352127	42344775
5353096	49565749
5353740	7050687
5354234	19160262
5355570	47721552
5356023	48007589
5357033	41717197
5358652	49777489
5359834	12025217
5360611	48710746
5361576	40120232
5361972	29795304
5362600	49417886
5363285	21087984
5364027	3165917
5364497	49232079
5367405	41535597
5368480	39768533
5369653	18610889
5372237	47902902
5372453	35843712
5372961	7840935
5373556	34210011
5373894	48628635
5374537	18357089
5375077	9911751
5376193	49558037
5377423	32884731
5379138	18359831
5380294	8002668
5381183	34356932
5382393	11757797
5383124	47780976
5384008	45410491
5384451	49213764
5385246	47915265
5386134	41778681
5386722	38338396
5386991	39622390
5388352	33969114
5388818	40819298
5389378	48817492
5389976	21019406
5390640	42843120
5391718	20762070
5392728	26208074
5393668	49789743
5394841	48184947
5394950	5363869
5396399	17054286
5396762	10888333
5397305	15047232
5397885	3385332
5398829	14397584
5400897	16819989
5402034	49589266
5403452	48192860
5403946	10765114
5404345	9472213
5405663	47580125
5406478	49481573
5407251	49980381
5407844	36070619
5408441	37031519
5409501	49830578
5409975	46642850
5411045	26807330
5412650	15503067
5413255	33588812
5413974	9771864
5414575	9239245
5416159	23747682
5416983	6053062
5417899	47486878
5418221	47806231
5418628	48359324
5419057	22200233
5419842	47481272
5420667	2833076
5421468	41208564
5422246	4417072
5423484	22562246
5424374	29559818
5424820	15173073
5425249	49490319
5425671	3744817
5426590	29097378
5427518	48113405
5427976	41438106
5428760	49587089
5429357	49424814
5430128	47883268
5430372	5812427
5431545	49129292
5432769	36972889
5433504	17934987
5434170	47331051
5434771	47781647
5434975	39274427
5436121	47847124
5437091	47801436
5438061	16762685
5439966	32984803
5440787	46397571
5441425	22675813
5442209	42960204
5442701	20340093
5443304	37942162
5443725	10270571
5444635	2607563
5445875	47957085
5446306	2036485
5447072	40339274
5447302	48296059
5448115	22201049
5448913	39130842
5449437	4768796
5451277	48986436
5451943	33960817
5453437	47439909
5454776	49692669
5456041	47180566
5457287	24784745
5457663	35734491
5458510	36937760
5459088	49746515
5459722	28281319
5460202	12319612
5461549	45671764
5462080	34358807
5462310	3342677
5462665	19266097
5463286	48895955
5463575	13983754
5465462	12519172
5466056	41102657
5466902	32915137
5467605	41674354
5468278	49893688
5468818	42620346
5468963	10670390
5469496	43035390
5470268	45241810
5470934	36304939
5472427	48317312
5473619	47916623
5474925	49385221
5475567	23390123
5476523	18461796
5479105	48867568
5479320	10933239
5481164	49409573
5482406	41441950
5483521	19018020
5484560	47812835
5485706	41211040
5486961	14625180
5487608	49638886
5487975	46849477
5488971	38630302
5489832	49044924
5490651	9554942
5491340	45660155
5492125	29925741
5492869	2419110
5493440	49801202
5494030	47312655
5494688	42258823
5495199	47153563
5495888	20006067
5497624	46875373
5498493	49602887
5500874	23684702
5501558	49493669
5502779	36289141
5503421	47542871
5503993	48997021
5506361	8750294
5507041	48579115
5507541	37313046
5507788	29850239
5508165	33948720
5509166	48057033
5509613	47431372
5509972	41834953
5510508	42089593
5511063	39965515
5511721	8538255
5512448	30101787
5513411	18280286
5514164	47657846
5514540	42754568
5515275	47601775
5515956	23065182
5516784	41309602
5517872	31818468
5519406	47386157
5519681	13916668
5520290	37926575
5520744	24309029
5521643	23312187
5523035	48127043
5523795	47956501
5524144	10299747
5525426	8641300
5525898	47179374
5527388	47483917
5528293	38393030
5529396	49016214
5529869	49087378
5530637	17699776
5531227	39893295
5532138	48479758
5532518	47021614
5533372	6636433
5534410	47686679
5534744	41778056
5534961	48860334
5536210	49557871
5537293	21362662
5538590	35599975
5539153	49574686
5539914	49827632
5540679	49129905
5540984	18932085
5542148	10701593
5542981	46940578
5543961	22206200
5544113	11513927
5544486	45317516
5546087	17036187
5546424	33518498
5547900	48656731
5548642	47933243
5550398	16761700
5551272	12880910
5552116	15853554
5553271	14665024
5554134	47095614
5554537	45500041
5554714	21313320
5555467	42633686
5555997	34504194
5556468	4032296
5557177	49440178
5557604	8545161
5558824	49328603
5560074	47599847
5560494	47913914
5560926	15160165
5561610	49322642
5562054	41603561
5562488	3470078
5563232	48696785
5563861	49390438
5564090	42823990
5565153	22287281
5565854	48034771
5566727	49299916
5567863	45596021
5568887	29788109
5571319	48717476
5571914	48533192
5572487	41527568
5573265	49303932
5574734	29319499
5576195	21297472
5577410	4967614
5578970	38051090
5579290	42563357
5580134	49423375
5580487	37903123
5580760	42005945
5581065	49419962
5582313	6457907
5582844	2870824
5583480	42140359
5583856	47388963
5584128	25261118
5585453	17700877
5586311	48036834
5586715	34047784
5587220	23180659
5587686	49529937
5588409	49735701
5589132	40324178
5589681	47363310
5590551	33993386
5591872	33044751
5593299	5902968
5594236	49058419
5594650	30879348
5595435	42064830
5595542	45293566
5596053	10675487
5596846	39525278
5597285	28717909
5597393	18305820
5598326	49633457
5599902	12926633
5600487	43099791
5601533	45555629
5601912	33159137
5602229	49189742
5602749	32350213
5603589	21336582
5603987	37200691
5605105	32585615
5605696	49982861
5606152	47811548
5606475	49035655
5607143	48695501
5607745	49479417
5608612	45924369
5609337	4417562
5610153	6292126
5610933	30240529
5611128	19747203
5611771	49442382
5612474	29274778
5613028	38017483
5614073	45841333
5614761	49503693
5615230	9675493
5616097	39433259
5616373	8361836
5617930	5756188
5619455	27633547
5620190	49367744
5620638	17480047
5621149	39952462
5622215	49087415
5623224	2892596
5623615	34692483
5625740	47455829
5626281	26673965
5627068	13556967
5627540	41827177
5628740	48474006
5629105	19909577
5630688	2461397
5632194	27009741
5632733	37031239
5633431	24766717
5633962	49175038
5635448	49488763
5636168	47091877
5636733	17825197
5637316	48785551
5638133	39907349
5639364	49612903
5639803	17068475
5640161	48016879
5641490	45993848
5642272	34810585
5642534	47176920
5642955	49577091
5643797	20628985
5644354	25830674
5644930	18405632
5645412	4273926
5646064	47336818
5646345	47235036
5648343	34016883
5649256	16961802
5649900	41652924
5651125	42122216
5652810	20469517
5653581	43119119
5654769	4365895
5655430	10084175
5656842	18375777
5657867	10713439
5658218	49152146
5658615	49289367
5659071	47889593
5659406	32048150
5660090	49554642
5660597	33172633
5660916	46921820
5661178	49131687
5661615	29908182
5662307	48610235
5662431	46571708
5663011	40802268
5663935	7989902
5665049	12473233
5666465	20154831
5667034	23873286
5668135	36395039
5668881	27592867
5670025	41427111
5670900	46677380
5671574	47243202
5671869	37823522
5673534	46786668
5674173	13465984
5675096	48320315
5675344	49365937
5676479	8926629
5677314	20499055
5677613	34393260
5678017	48957927
5678730	36862140
5680172	42475581
5680627	36260070
5681610	49843327
5682432	40231788
5682903	33407045
5684369	48553638
5686107	15201226
5686768	6029502
5686971	46754894
5687525	49617189
5688433	3670716
5689467	48178886
5690518	48241059
5690701	25285692
5691686	30457196
5692284	49429780
5692509	42567056
5693528	47007134
5694139	40420354
5694873	47363323
5695600	36942159
5696523	8275412
5697049	49453446
5697432	22634012
5698678	42168379
5699944	37272236
5700742	32613953
5701234	37421701
5701932	42898598
5703080	40342357
5703532	49779493
5704011	40560205
5704213	14611744
5704726	46981758
5705228	7200187
5706422	47749297
5707621	3867213
5708645	35047014
5709294	26654776
5710173	41977203
5711414	15231937
5712386	43081163
5712808	49343695
5713619	36902892
5714854	41020018
5715524	49582318
5716131	48347200
5716411	48983804
5717169	48698555
5718407	49141652
5718740	45878803
5719262	49388655
5719730	40041254
5720120	49392250
5720341	49454695
5720886	49462476
5721447	17201102
5722459	30605890
5723164	39963558
5724080	48725135
5724451	48399380
5724636	37947834
5724945	48350011
5726209	35728697
5726768	45852292
5727867	17683494
5728950	21748931
5730166	47979155
5733197	48072657
5733720	48572806
5734944	38886643
5735581	26182979
5735927	27352195
5736711	39908653
5737327	47933480
5737812	49733275
5738408	42146528
5738721	49581208
5739236	49577435
5739382	48496334
5739869	42431144
5741668	7334924
5742487	41915598
5743119	5969488
5743825	49822016
5744318	49963273
5745060	11854634
5746052	6812316
5746803	45930102
5746928	49425488
5747139	42256789
5748132	49357134
5748796	48335301
5749477	22156952
5750050	49868035
5750548	46140113
5751586	48985601
5752335	3264447
5753312	49844258
5753912	31263170
5754544	41439894
5754845	49822303
5755491	48448993
5757831	48913164
5758142	10018078
