	Artist_id	Counts
0	46	2256
1	1602	2150
2	153	2072
3	135	2047
4	27	1967
5	368	1930
6	504	1887
7	140	1860
8	320	1793
9	1648	1732
10	924	1719
11	355	1714
12	301	1694
13	295	1692
14	137	1666
15	54	1642
16	16	1637
17	379	1628
18	3	1620
19	238	1607
20	470	1599
21	4115	1597
22	185	1586
23	3732	1582
24	55	1579
25	1677	1547
26	691	1544
27	1703	1517
28	290	1513
29	4081	1505
30	266	1498
31	402	1456
32	79	1453
33	245	1453
34	1705	1438
35	1651	1424
36	132	1420
37	2590	1419
38	163	1405
39	1671	1399
40	139	1398
41	32	1367
42	1935	1363
43	99	1349
44	1793	1335
45	499	1334
46	3085	1319
47	1873	1318
48	148	1313
49	350	1304
50	1666	1301
51	424	1299
52	2988	1285
53	227	1281
54	461	1281
55	141	1277
57	4206	1270
56	1092	1270
58	4083	1257
59	2923	1254
60	259	1254
61	279	1247
62	689	1246
63	1426	1230
64	330	1222
65	1807	1220
66	2442	1220
67	406	1219
68	1650	1214
69	9701	1206
70	1700	1203
71	353	1200
72	1358	1198
73	85	1194
74	520	1182
75	289	1181
76	308	1180
77	2596	1172
78	145	1172
79	425	1168
80	249	1165
82	471	1164
81	1696	1164
83	1763	1158
84	2758	1153
85	2487	1152
86	45	1145
87	3887	1141
88	5619	1133
89	844	1126
90	4091	1119
91	329	1117
92	2539	1116
93	9716	1114
94	3975	1110
95	172	1107
96	1760	1106
97	3137	1104
98	2354	1099
99	283	1098
100	28	1096
101	2558	1092
102	3031	1092
103	2478	1080
104	14596	1078
105	3253	1078
106	4035	1071
107	347	1066
108	3026	1062
109	29	1058
110	3954	1057
111	722	1055
112	326	1054
113	676	1054
114	248	1045
115	3095	1035
116	9529	1030
117	57	1023
118	272	1019
119	6004	1010
120	5215	1007
121	1626	994
122	2943	994
123	4343	993
124	360	990
125	4118	987
126	3129	974
127	2123	973
128	2437	971
129	64	968
130	13	964
131	8671	961
132	16888	961
133	8821	960
134	840	957
135	2266	952
138	190	946
136	2353	946
137	4726	946
139	93	939
140	3153	937
141	1998	933
142	240	929
143	12986	929
145	1339	924
144	4207	924
146	2570	920
147	16053	917
148	3841	915
149	2932	913
150	6773	912
151	4370	912
152	515	906
153	493	906
154	3013	902
155	543	899
156	1947	898
157	114	889
158	686	888
159	9615	886
160	869	886
161	405	883
162	453	881
163	17503	880
164	3750	877
165	16900	876
166	2492	870
167	182	870
168	2559	869
169	3151	867
170	438	862
171	514	859
172	3744	858
173	2729	856
174	2733	856
175	4117	855
176	374	854
177	391	851
178	5175	848
179	1681	847
180	362	845
181	2030	839
182	4567	839
183	351	835
184	2824	834
185	1894	833
186	407	833
187	3010	831
188	4247	827
189	6852	825
190	2789	825
191	1899	824
192	991	824
193	129	824
194	548	823
195	15385	818
196	3091	818
197	1649	816
199	6904	815
198	4366	815
200	3096	812
201	13243	809
202	7904	808
203	2416	807
204	37	806
205	420	805
206	9642	804
207	319	800
208	9511	795
209	3059	795
210	482	794
211	3724	793
212	1514	793
213	4780	792
215	2111	790
216	155	790
214	9637	790
217	1605	788
218	1440	788
219	2782	787
220	4005	785
221	9466	782
222	2768	782
223	9875	782
224	9847	781
225	2937	778
226	10028	778
227	872	776
228	2730	773
229	4250	771
230	5031	771
231	2986	768
232	3588	766
233	207	764
234	3087	763
235	3128	762
236	6561	760
237	501	758
238	507	753
239	365	753
240	1366	750
241	3653	747
242	2073	746
243	1680	744
244	509	744
245	4171	741
246	2648	740
247	4619	739
248	4038	737
249	3544	736
252	7833	734
251	6130	734
250	1708	734
253	2567	733
254	4112	732
255	2991	731
256	4175	727
257	273	727
258	3004	724
259	2549	724
260	2762	724
261	4624	722
262	1701	721
263	2563	719
264	2748	718
265	43	718
266	1871	716
267	1825	715
269	1312	713
268	3312	713
270	3711	712
271	3138	709
272	530	708
273	3008	708
274	466	708
275	3731	707
278	367	706
277	1359	706
276	10006	706
279	709	705
280	3727	705
281	56	704
282	1	704
283	1268	703
284	2562	702
285	11	701
287	5701	700
286	105	700
288	9650	698
289	3019	697
290	4672	696
291	3079	695
292	3149	693
293	4692	693
294	3415	690
295	2821	687
296	52	686
297	9693	684
298	149	683
299	1466	683
300	2716	680
301	277	680
302	171	679
303	5041	679
304	6263	678
305	9620	678
306	1991	677
307	86	674
308	15520	674
309	811	671
310	6262	670
311	9720	669
312	336	668
313	3729	667
314	75	666
316	6230	665
315	5842	665
317	13500	664
318	380	662
319	1804	659
320	3327	659
321	115	658
322	2474	656
323	13719	655
324	2552	654
325	417	653
326	15075	652
327	549	651
328	7	650
329	4979	648
330	1900	648
331	2940	648
332	2214	647
333	3721	644
334	2322	643
335	680	639
336	2732	639
337	4006	637
338	697	633
339	2426	631
340	5974	631
342	9718	630
341	9911	630
343	2731	626
344	679	625
345	152	625
346	2072	623
347	4834	623
348	481	622
351	1137	620
350	8696	620
349	4942	620
352	66	617
353	9766	617
354	44	616
355	7255	616
356	2968	615
357	71	615
358	4600	613
359	6270	612
360	4377	609
362	3130	608
361	3089	608
363	4126	607
364	7463	606
365	2355	605
366	196	605
367	1690	605
368	3722	603
369	142	603
370	473	602
371	223	600
372	9944	599
373	2726	599
374	10112	598
375	5821	596
376	508	595
377	2267	593
378	3695	592
379	208	591
380	3661	590
381	6546	588
382	3960	588
383	9915	588
384	2683	586
385	4134	584
386	9868	584
388	4609	581
387	3136	581
389	179	580
390	11759	579
391	5785	579
392	9903	578
393	3349	578
397	3027	577
396	131	577
395	23182	577
394	1074	577
399	2980	576
398	95	576
400	6552	575
401	16889	575
402	9548	573
403	2362	570
404	494	570
405	3424	570
406	5945	566
407	1459	565
408	11732	564
409	5046	564
410	2925	563
411	2954	562
412	13715	562
416	6421	560
417	10398	560
414	18	560
415	2112	560
413	4249	560
418	3837	559
419	3730	558
420	7031	558
421	6375	553
422	2325	551
423	9952	551
424	2907	551
425	4101	550
426	8039	549
427	16289	549
428	1670	548
429	247	547
431	7317	546
430	10611	546
432	5884	544
433	2767	543
434	6872	543
435	1792	542
436	1789	540
437	4890	540
438	1338	540
439	4603	539
440	9557	537
441	2950	537
442	2436	536
443	2827	535
444	4398	535
445	4482	534
446	3318	534
450	4033	533
449	59	533
448	7838	533
447	489	533
451	627	532
452	15003	532
453	7906	531
454	5642	531
455	127	531
456	3659	531
457	369	530
458	5749	529
459	6108	529
460	3131	529
461	2556	529
462	4588	528
463	5903	527
464	1805	527
465	2673	526
466	4965	525
467	9477	523
468	521	521
469	17349	521
470	1958	521
471	6234	521
472	5190	520
473	4596	520
474	14305	519
475	3113	518
476	84	517
477	5192	517
478	2584	516
479	9845	515
480	12187	515
481	8852	515
482	3961	515
483	4467	514
484	13253	512
485	74	512
486	16203	512
487	25	512
488	10537	511
489	3078	510
490	9486	510
491	9387	509
492	17148	509
493	3739	509
494	67	507
495	3037	505
496	12959	502
497	2587	502
500	9688	500
501	5378	500
502	6306	500
499	15437	500
498	2979	500
503	4056	499
504	12326	499
505	4760	499
506	5457	499
507	4719	498
508	16825	497
509	808	497
512	89	496
513	316	496
511	421	496
510	17037	496
514	2974	495
515	2603	495
516	244	495
517	467	494
518	5476	493
519	17095	492
522	2610	490
523	4	490
520	4475	490
521	3055	490
524	4696	489
525	15523	489
526	3241	488
527	474	488
528	439	488
529	9928	487
530	4181	487
531	765	487
532	120	486
533	1990	486
534	13317	485
535	6779	484
536	1774	483
539	2997	482
540	2029	482
537	1144	482
538	9536	482
541	8030	481
542	3590	479
543	15624	478
544	9550	477
545	9787	477
546	7989	477
547	3000	476
548	764	476
549	15914	475
550	3254	475
551	10004	474
552	5069	474
553	2517	474
554	1826	474
556	2913	472
555	2258	472
558	7295	471
559	3650	471
557	12151	471
560	16428	470
561	9741	470
563	12189	469
564	15235	469
562	6853	469
565	1664	468
566	6371	467
567	14208	467
568	2905	467
569	262	465
570	4941	465
571	2874	465
574	92	464
572	10191	464
573	15949	464
576	7291	463
575	2588	463
577	14082	462
579	3044	462
578	13285	462
580	4125	461
581	113	460
582	6395	459
583	475	459
584	4310	459
585	20810	459
586	14784	458
587	2616	457
588	17414	456
591	4638	455
593	3311	455
592	29203	455
590	200	455
589	3782	455
594	2863	454
595	1483	454
596	5571	453
597	332	453
598	10363	451
599	16269	450
600	6550	450
601	14073	450
602	9938	448
603	2102	447
604	4558	447
605	17842	447
606	1385	445
607	1711	445
610	5300	444
609	2771	444
608	9559	444
611	35650	443
612	4459	442
613	212	442
614	4313	442
615	16574	442
616	1285	442
617	16579	442
618	5608	441
619	2788	440
620	9760	440
621	15820	440
622	6111	439
623	6861	439
624	729	438
626	9910	437
625	13166	437
627	3513	436
628	3938	435
629	3599	435
630	34583	433
631	48	433
634	384	432
635	5211	432
633	3715	432
632	2807	432
636	9496	431
637	15334	431
638	3268	431
639	2656	430
640	8	429
641	17443	429
642	15483	429
644	9512	428
645	2933	428
643	6545	428
646	9577	427
647	6138	427
648	2705	427
652	11254	426
654	16775	426
653	13697	426
651	2623	426
650	2637	426
649	10072	426
655	6393	425
656	269	424
657	5194	423
658	6067	423
659	217	423
662	5860	422
664	11180	422
663	2638	422
660	5590	422
661	314	422
665	4570	421
666	2585	421
667	2481	421
668	146	420
669	4243	420
671	4607	419
670	16078	419
673	2555	418
672	678	418
674	3012	417
675	4399	417
676	33	416
677	9569	415
678	4173	415
679	2826	414
682	250	413
681	3316	413
680	1704	413
683	10031	412
684	2890	412
685	3007	412
686	2542	410
687	2983	410
688	2586	410
689	15904	410
690	5782	409
691	16097	409
692	6136	409
693	4162	409
694	8040	408
695	4166	408
696	416	408
697	15026	407
699	2139	406
698	9804	406
700	10046	405
701	3821	404
702	6171	404
703	162	404
704	2922	403
705	11224	403
706	2101	403
707	16542	402
708	9498	401
709	710	400
710	1453	400
711	97	400
712	3751	399
713	16062	399
714	9832	399
718	194	398
719	2868	398
717	9683	398
716	8890	398
715	8891	398
720	51	397
721	4082	397
722	6100	396
723	409	396
724	4122	396
725	20031	395
726	16426	395
727	6999	395
728	4455	395
729	9933	394
730	6408	393
731	4564	393
732	2253	393
733	8389	392
734	1682	392
736	2520	391
735	677	391
737	5616	390
738	14088	390
739	36	389
740	15917	389
741	10183	388
744	7197	387
745	2846	387
743	16268	387
742	6149	387
746	1795	386
747	5613	386
748	4161	386
749	9540	385
750	19067	385
751	3565	384
752	9518	382
753	2094	382
755	9969	381
754	26209	381
756	3974	380
757	2646	380
758	224	379
759	304	379
760	16452	379
761	4286	379
762	4170	378
763	502	378
764	10310	378
765	5514	377
766	2209	376
767	69	375
768	3915	374
769	6278	374
770	2778	373
771	10027	373
772	973	373
774	1890	371
773	20790	371
775	4618	370
776	3690	370
777	2508	369
778	16362	369
779	2301	368
780	7301	368
781	15906	368
782	3896	367
783	15393	367
784	15749	367
785	5604	366
786	9874	366
787	4165	366
788	4667	366
791	3784	365
789	334	365
790	4959	365
793	9582	364
794	6047	364
792	2592	364
795	10093	363
796	6822	363
799	3850	362
801	5009	362
800	1676	362
798	276	362
797	5810	362
802	3940	361
803	15884	361
804	2926	361
805	17225	361
806	9313	361
809	4111	360
810	15522	360
807	18227	360
808	2553	360
811	239	359
812	6261	359
813	2613	359
814	4649	358
815	3103	358
816	177	358
817	9959	357
818	2557	356
819	3146	356
820	3573	356
821	3263	356
826	4684	355
825	2113	355
824	7403	355
823	10024	355
822	9638	355
827	2287	354
828	7330	354
829	16018	354
830	1996	353
831	6766	353
832	1891	353
833	278	352
834	12718	352
839	4168	351
842	7638	351
840	7895	351
841	147	351
838	2947	351
837	4748	351
836	13066	351
835	1607	351
843	4127	350
844	15409	350
845	4843	349
846	15716	349
848	3792	348
847	2908	348
849	8879	347
850	9488	347
851	711	346
852	28442	346
853	8649	346
854	5519	345
855	9442	345
856	12346	345
857	12	345
861	62	344
863	2942	344
862	3973	344
859	7907	344
860	15557	344
858	6043	344
864	1625	343
866	3855	343
865	216	343
867	1551	342
868	12163	342
869	4898	341
870	5717	341
871	5129	341
872	188	340
873	8853	340
874	1532	340
875	9535	339
876	8957	339
877	18168	339
878	3712	339
880	6795	338
881	3122	338
879	19538	338
882	9860	337
883	2294	337
884	2754	336
885	9764	336
886	18224	336
887	10158	336
888	3156	335
889	2479	335
890	3514	335
891	7959	335
892	10287	335
896	9735	334
899	2914	334
898	9507	334
895	19239	334
893	1517	334
897	3827	334
894	5986	334
901	3705	333
902	5504	333
903	10724	333
904	32793	333
900	10522	333
905	383	332
906	9347	332
907	10523	332
908	27847	331
912	2257	330
913	5718	330
914	445	330
911	3670	330
910	2583	330
909	804	330
917	49	329
918	24292	329
916	2975	329
915	13197	329
919	282	328
920	9852	327
921	15608	327
922	16281	327
923	2952	326
924	10704	326
925	20318	325
926	4967	325
927	2949	325
928	6668	325
929	8920	324
930	28210	324
934	9699	323
935	9672	323
932	2878	323
933	9772	323
931	6576	323
936	5697	322
937	206	322
938	169	322
939	2763	322
940	11266	321
941	4317	321
942	5611	321
943	10525	321
944	166	321
945	5040	321
946	2927	321
947	2776	321
950	4862	320
952	2645	320
951	13789	320
949	2254	320
948	1915	320
953	16525	319
954	805	319
955	2822	319
956	4020	319
958	2505	318
959	4010	318
957	7334	318
960	5720	317
961	741	317
962	27155	317
963	708	317
964	4752	317
965	517	316
966	523	316
969	5177	315
968	2998	315
967	7016	315
970	3895	314
971	16498	314
972	15113	314
973	3445	313
974	12312	313
975	2222	313
976	2621	313
977	1858	313
978	12963	313
979	15730	312
980	5033	312
981	14783	312
988	20096	311
987	20479	311
986	4047	311
985	15053	311
984	14533	311
983	4569	311
982	10000	311
989	184	310
990	5037	310
991	2026	310
992	16678	310
993	2751	310
994	3916	309
995	4397	309
996	16459	309
997	15101	308
998	2869	308
1006	9483	307
1005	13042	307
1004	990	307
1003	1999	307
1002	16758	307
999	5121	307
1001	3616	307
1000	2865	307
1008	5745	306
1007	7307	306
1009	7661	305
1010	9751	305
1011	18278	305
1012	9773	305
1013	9703	305
1014	280	305
1015	432	305
1016	16135	305
1017	9811	305
1019	110	304
1020	19794	304
1018	9473	304
1021	4727	303
1022	2992	302
1023	33525	302
1024	17202	302
1025	16300	302
1026	8889	302
1027	2694	302
1032	23831	301
1034	23553	301
1033	16480	301
1029	6947	301
1031	38	301
1030	3434	301
1028	11519	301
1040	7487	300
1039	5397	300
1038	9916	300
1037	36197	300
1036	5509	300
1035	5833	300
1041	7998	299
1042	495	299
1043	9516	299
1044	4356	299
1045	9932	298
1046	9814	298
1048	7339	298
1049	16859	298
1050	6322	298
1051	17586	298
1052	18555	298
1053	4690	298
1054	361	298
1047	15910	298
1057	2000	297
1055	1423	297
1056	4311	297
1058	15104	296
1059	10	296
1060	2620	296
1061	11276	296
1062	2689	296
1063	13099	296
1064	7337	296
1065	1421	295
1066	4905	295
1067	2506	295
1068	4227	295
1069	10974	295
1070	2314	295
1074	7935	294
1073	14718	294
1072	20895	294
1071	3199	294
1075	4720	293
1077	3812	293
1076	10121	293
1078	29227	292
1079	275	292
1080	2658	292
1081	4114	292
1082	20934	292
1083	9603	291
1084	9497	291
1085	15571	291
1086	4093	291
1087	9588	291
1090	6286	290
1093	14213	290
1092	3120	290
1091	8988	290
1088	9901	290
1089	5818	290
1098	281	289
1101	16556	289
1099	219	289
1100	17993	289
1097	4009	289
1096	4169	289
1095	16776	289
1094	82	289
1102	18356	288
1103	12616	288
1104	73	288
1105	524	288
1106	2993	288
1110	7916	287
1109	801	287
1108	16490	287
1107	15395	287
1112	6710	286
1113	1082	286
1114	6385	286
1115	15686	286
1111	3380	286
1118	19955	285
1120	15481	285
1119	20281	285
1117	4276	285
1116	2	285
1121	9803	284
1122	5174	284
1130	15629	283
1135	1772	283
1134	2498	283
1133	4275	283
1132	372	283
1131	11237	283
1127	5681	283
1129	16258	283
1128	1521	283
1126	8587	283
1125	229	283
1124	3935	283
1123	9478	283
1136	3933	282
1137	10289	282
1138	8804	282
1139	8017	282
1140	349	282
1144	2828	281
1146	13852	281
1145	10306	281
1142	11600	281
1143	22975	281
1141	3741	281
1147	2084	280
1149	3999	280
1150	16252	280
1148	2989	280
1151	16176	279
1152	61	279
1153	15181	279
1154	3909	279
1158	4316	278
1160	2252	278
1159	15155	278
1162	220	278
1157	6554	278
1155	198	278
1156	1462	278
1161	2701	278
1163	16295	277
1164	5176	277
1165	6379	276
1166	10562	276
1167	7108	276
1168	7326	276
1169	11281	275
1170	10711	275
1171	3920	275
1172	5851	275
1173	10236	275
1174	704	274
1175	19267	274
1176	2427	274
1179	10017	273
1180	22882	273
1178	3716	273
1177	14554	273
1181	2945	272
1182	1535	272
1183	2972	272
1184	18576	271
1185	12808	271
1186	3057	271
1187	2836	271
1188	15487	271
1189	16920	271
1190	8443	271
1191	4187	270
1192	13075	270
1193	12207	270
1196	10101	269
1197	857	269
1195	9487	269
1194	17109	269
1198	35475	267
1199	15168	267
1200	3515	267
1201	16583	266
1202	27848	266
1203	9178	266
1204	404	266
1207	14628	265
1208	22716	265
1206	9877	265
1205	2093	265
1209	258	264
1210	6122	264
1211	8029	264
1212	3106	264
1216	9692	263
1218	3636	263
1217	17422	263
1219	9618	263
1215	19730	263
1213	5739	263
1214	13228	263
1220	8132	262
1222	2624	262
1223	16398	262
1224	10539	262
1225	6205	262
1221	847	262
1226	3105	261
1227	5719	261
1228	3118	261
1229	6195	261
1230	13787	261
1231	11072	261
1237	35433	260
1241	17344	260
1240	8773	260
1239	16447	260
1238	2999	260
1236	197	260
1235	5643	260
1234	122	260
1233	1046	260
1232	5527	260
1250	2976	259
1249	436	259
1248	2428	259
1247	366	259
1246	4781	259
1245	16256	259
1244	2560	259
1243	13645	259
1242	4855	259
1260	10707	258
1259	16479	258
1258	16421	258
1257	203	258
1256	5790	258
1255	13555	258
1254	10179	258
1251	4213	258
1253	2235	258
1252	4096	258
1261	5304	257
1262	3258	257
1263	181	257
1264	5330	257
1265	3781	257
1266	4242	257
1267	16800	256
1268	6865	256
1269	13535	256
1270	16404	256
1271	4586	256
1276	20427	255
1279	20399	255
1278	4532	255
1277	9746	255
1275	6868	255
1274	15594	255
1273	33952	255
1272	10033	255
1280	2871	254
1281	3806	254
1282	16524	254
1283	10097	254
1284	19954	254
1285	19681	254
1286	3147	254
1294	2757	253
1299	5700	253
1298	11027	253
1297	1508	253
1296	2352	253
1295	913	253
1290	1673	253
1293	52909	253
1291	5465	253
1287	26037	253
1289	14932	253
1288	9859	253
1292	13287	253
1300	16708	252
1301	2691	252
1302	446	252
1303	5212	252
1304	13449	252
1305	9743	252
1306	17053	252
1310	2618	251
1313	2085	251
1311	8442	251
1312	23828	251
1309	8233	251
1308	9660	251
1307	98	251
1314	5778	250
1315	13708	250
1316	3045	250
1317	7952	250
1318	4573	250
1319	9537	250
1324	10324	249
1326	318	249
1325	429	249
1320	16326	249
1323	4864	249
1322	1969	249
1321	14795	249
1331	14480	248
1333	9621	248
1332	6443	248
1327	11776	248
1330	3387	248
1328	11249	248
1329	5153	248
1334	15923	247
1335	6442	247
1336	307	247
1342	13745	246
1344	9671	246
1343	20791	246
1341	7826	246
1340	15653	246
1339	8586	246
1338	8919	246
1337	17073	246
1352	18989	245
1357	1415	245
1356	3269	245
1355	3912	245
1354	22404	245
1353	4092	245
1346	696	245
1351	456	245
1350	18175	245
1349	11179	245
1348	6604	245
1347	30822	245
1345	858	245
1361	8186	244
1363	2200	244
1362	10395	244
1364	17761	244
1360	20432	244
1358	5630	244
1359	15160	244
1365	4687	243
1367	7909	243
1368	14825	243
1369	19744	243
1370	16881	243
1366	2967	243
1371	6249	242
1372	7276	242
1373	15474	242
1374	2791	242
1375	2994	242
1376	1687	242
1379	8605	241
1381	6867	241
1380	3630	241
1377	19645	241
1378	19022	241
1382	2920	240
1383	22488	240
1384	9625	240
1385	16067	240
1386	26009	240
1387	1317	240
1388	33908	240
1393	1545	239
1396	18032	239
1395	8170	239
1394	9694	239
1389	11242	239
1392	1455	239
1391	2569	239
1390	26030	239
1400	16823	238
1399	2804	238
1398	9826	238
1397	15578	238
1402	12436	237
1403	2706	237
1404	15960	237
1405	4538	237
1401	17316	237
1411	701043	236
1414	21160	236
1413	15478	236
1412	2833	236
1410	15251	236
1409	6144	236
1408	1606	236
1407	3563	236
1406	9762	236
1420	5609	235
1424	7032	235
1423	16740	235
1422	18340	235
1421	16077	235
1417	15881	235
1419	1522	235
1418	1456	235
1416	11285	235
1415	16401	235
1425	11305	234
1426	6577	234
1427	9481	234
1428	6799	234
1429	8037	234
1430	16307	234
1431	7333	234
1435	16270	233
1437	6014	233
1436	16303	233
1433	6183	233
1434	733	233
1432	2872335	233
1438	7488	232
1439	5102	232
1440	5396	232
1441	9838	232
1442	270	232
1443	23478	232
1444	9560	232
1445	4273	232
1446	3889	232
1447	9644	232
1453	15438	231
1457	16671	231
1456	10643	231
1454	16322	231
1455	13194	231
1452	1582	231
1448	5572	231
1450	1069	231
1449	6199	231
1451	11135	231
1458	15968	230
1459	15154	230
1460	67668	230
1461	1758	230
1462	6320	230
1467	2173	229
1470	2866	229
1469	10475	229
1468	11521	229
1464	15886	229
1466	16575	229
1465	3717	229
1463	9730	229
1476	6040	228
1479	16096	228
1478	9698	228
1477	5815	228
1471	5349	228
1475	8047	228
1473	32732	228
1472	2617	228
1474	15543	228
1480	2564	227
1481	13556	227
1482	19490	227
1483	226	227
1484	3734	227
1485	2545	227
1489	286	226
1490	18485	226
1491	1717	226
1488	15407	226
1487	21	226
1486	5574	226
1501	18656	225
1500	3575	225
1499	476	225
1498	16239	225
1497	3886	225
1496	6173	225
1495	14726	225
1494	3021	225
1493	16474	225
1492	2500	225
1506	4578	224
1509	10294	224
1508	17	224
1507	9690	224
1505	285	224
1502	9670	224
1503	5564	224
1504	30787	224
1510	3733	223
1511	45489	223
1512	8429	223
1513	8283	223
1514	9778	223
1515	17681	223
1516	10582	223
1517	13729	223
1518	7792	223
1522	3416	222
1524	3668	222
1523	363	222
1521	15538	222
1519	1354	222
1520	13036	222
1525	9792	221
1526	7492	221
1527	15494	221
1533	2591	220
1537	16061	220
1536	12603	220
1535	13585	220
1534	2636	220
1531	4904	220
1532	6288	220
1530	4668	220
1529	4023	220
1528	15707	220
1543	9503	219
1542	48380	219
1541	5154	219
1540	4363	219
1538	3763	219
1539	18583	219
1551	7306	218
1556	19	218
1555	19980	218
1554	5191	218
1553	3075	218
1552	4307	218
1557	24888	218
1550	5263	218
1548	16294	218
1547	10494	218
1546	18616	218
1545	5528	218
1544	2116	218
1549	7696	218
1560	2425	217
1561	2664	217
1562	10987	217
1559	13286	217
1558	8197	217
1563	23388	216
1564	16898	216
1565	2573	216
1566	2810	216
1567	2835	216
1568	16324	216
1569	39308	216
1570	4730	216
1571	1813	216
1579	27638	215
1576	256	215
1577	3319	215
1578	16663	215
1575	2100	215
1572	11756	215
1573	9883	215
1574	6031	215
1584	7644	214
1588	15361	214
1587	4100	214
1586	31	214
1585	3689	214
1583	3076	214
1582	17294	214
1581	9495	214
1580	2609	214
1595	4639	213
1600	2554	213
1599	15540	213
1598	3390	213
1597	15997	213
1596	423	213
1593	10822	213
1594	10206	213
1592	2066	213
1591	810	213
1590	1536	213
1589	14008	213
1601	8187	212
1602	7331	212
1603	39549	212
1604	9064	212
1605	9334	212
1611	12228	211
1616	2955	211
1615	4121	211
1614	1460	211
1612	5285	211
1613	8597	211
1610	4136	211
1609	3822	211
1608	11492	211
1607	14614	211
1606	7396	211
1621	14242	210
1624	5127	210
1623	25430	210
1622	17171	210
1620	1502	210
1619	45913	210
1618	7332	210
1617	11472	210
1629	13586	209
1633	34356	209
1632	13874	209
1630	9039	209
1631	19266	209
1628	18835	209
1627	243	209
1626	16156	209
1625	17121	209
1639	23865	208
1644	16328	208
1643	2635	208
1642	2619	208
1641	7160	208
1640	4546	208
1638	15642	208
1637	18857	208
1636	6256	208
1635	4084	208
1634	3126	208
1650	14365	207
1654	8314	207
1653	13917	207
1652	18526	207
1651	578	207
1648	12174	207
1649	2987	207
1645	5899	207
1647	36056	207
1646	31037	207
1662	9682	206
1655	2902	206
1667	11023	206
1666	12705	206
1665	35683	206
1664	3309	206
1663	16201	206
1668	18916	206
1661	4718	206
1659	14289	206
1658	486	206
1657	4183	206
1656	2985	206
1660	4681	206
1675	1674	205
1680	40191	205
1679	14809	205
1678	39468	205
1677	23779	205
1676	4544	205
1674	6104	205
1673	4982	205
1672	2686	205
1671	15479	205
1670	18695	205
1669	3143	205
1685	10309	204
1689	9523	204
1688	13212	204
1687	18521	204
1686	6290	204
1684	20772	204
1682	5282	204
1681	18386	204
1683	3885	204
1690	10107	203
1691	5008	203
1692	537	203
1693	8035	203
1698	23229	202
1701	7395	202
1700	1164	202
1699	10464	202
1696	25197	202
1697	27153	202
1695	9028	202
1694	10841	202
1708	192	201
1712	12339	201
1711	23520	201
1710	35700	201
1709	20216	201
1703	859	201
1707	4257	201
1706	13231	201
1705	1779	201
1704	8872	201
1702	10793	201
1721	2250	200
1728	16767	200
1727	29034	200
1726	6374	200
1725	3024	200
1724	1324	200
1723	2990	200
1722	728	200
1715	354	200
1720	17006	200
1718	13757	200
1717	6848	200
1716	26941	200
1713	4629	200
1714	13616	200
1719	186	200
1735	19716	199
1740	5254	199
1739	35963	199
1737	629	199
1736	10276	199
1738	15903	199
1734	96	199
1733	16691	199
1732	12622	199
1729	236	199
1731	3864	199
1730	9643	199
1747	7272	198
1746	6120	198
1745	19787	198
1744	13163	198
1743	24239	198
1742	6045	198
1741	5255	198
1755	17455	197
1760	16545	197
1759	2711	197
1758	19440	197
1757	12418	197
1756	3370	197
1753	9546	197
1754	4536	197
1752	35370	197
1751	16100	197
1750	7328	197
1749	9955	197
1748	210	197
1766	60	196
1769	7135	196
1768	2476	196
1767	35709	196
1770	130	196
1765	15995	196
1764	9651	196
1763	1519	196
1762	19268	196
1761	10480	196
1778	16107	195
1777	6266	195
1776	11843	195
1775	465	195
1774	6673	195
1773	1286	195
1772	11984	195
1771	6236	195
1785	9	194
1791	167	194
1790	4164	194
1788	40	194
1787	2056	194
1786	6941	194
1789	16209	194
1784	4042	194
1782	9122	194
1779	18387	194
1781	3840	194
1780	7325	194
1783	1914	194
1800	2697	193
1806	9950	193
1805	4451	193
1804	4945	193
1803	839	193
1802	6366	193
1801	42524	193
1807	1454	193
1799	2837	193
1798	3688	193
1797	4584	193
1796	16711	193
1795	10617	193
1794	19202	193
1793	4845	193
1792	3770	193
1819	11033	192
1818	1351	192
1817	2519	192
1816	15574	192
1815	11057	192
1814	6776	192
1813	3847	192
1812	16448	192
1811	18365	192
1810	17227	192
1809	720	192
1808	10413	192
1837	3433	191
1829	60024	191
1836	16465	191
1835	15773	191
1834	6020	191
1833	4620	191
1832	4581	191
1831	4659	191
1830	12135	191
1821	4220	191
1828	2805	191
1826	20029	191
1825	9494	191
1824	15703	191
1823	39748	191
1822	4732	191
1820	30775	191
1827	3761	191
1845	10874	190
1850	111	190
1849	2787	190
1848	4912	190
1847	6493	190
1846	5045	190
1843	5126	190
1844	7932	190
1842	4614	190
1841	2849	190
1840	9078	190
1839	15639	190
1838	23842	190
1858	22603	189
1863	13167	189
1862	20901	189
1861	18991	189
1860	359	189
1859	9753	189
1864	35759	189
1857	41588	189
1855	16619	189
1854	9971	189
1853	10977	189
1852	1301	189
1851	6220	189
1856	5383	189
1871	2625	188
1877	25514	188
1876	22389	188
1875	28545	188
1874	20030	188
1873	26961	188
1872	10338	188
1870	9851	188
1869	28849	188
1868	6396	188
1867	14141	188
1866	13522	188
1865	3971	188
1886	1461	187
1893	3577	187
1892	16682	187
1891	1418	187
1890	3667	187
1889	6350	187
1888	10184	187
1887	8010	187
1894	13397	187
1885	13606	187
1883	6881	187
1882	12590	187
1881	4809	187
1880	1437	187
1879	15985	187
1878	10330	187
1884	2832	187
1902	8583	186
1907	692	186
1906	9873	186
1905	19909	186
1904	18816	186
1903	2981	186
1901	9474	186
1900	6551	186
1899	18271	186
1898	25094	186
1897	18030	186
1896	16473	186
1895	15542	186
1917	16384	185
1924	5891	185
1923	15649	185
1922	7243	185
1921	712	185
1920	25761	185
1919	21148	185
1918	14134	185
1909	19805	185
1916	1130	185
1915	4676	185
1914	3921	185
1913	1520	185
1912	18704	185
1911	10339	185
1910	22976	185
1908	16946	185
1938	13309	184
1937	6399	184
1936	17128	184
1935	27868	184
1934	5569	184
1933	8933	184
1932	16821	184
1931	3356	184
1929	52302	184
1928	12597	184
1927	1201	184
1926	77	184
1925	10154	184
1930	1978	184
1947	1017	183
1955	34	183
1954	8617	183
1952	213	183
1951	16492	183
1950	16586	183
1949	16184	183
1948	1994	183
1953	9810	183
1946	17706	183
1944	32216	183
1943	17983	183
1942	5414	183
1939	7499	183
1941	13187	183
1940	39096	183
1945	5808	183
1962	2714	182
1967	27577	182
1966	7586	182
1965	14834	182
1964	14129	182
1963	3116	182
1961	3112	182
1960	7256	182
1959	4106	182
1958	16717	182
1957	9632	182
1956	490	182
1982	4449	181
1976	16632	181
1981	12239	181
1980	7103	181
1979	1335	181
1978	12888	181
1977	17102	181
1969	16292	181
1975	28045	181
1973	536	181
1972	29088	181
1971	15593	181
1970	3951	181
1968	1425	181
1974	10186	181
1986	296	180
1988	7338	180
1987	20070	180
1985	10387	180
1984	20700	180
1983	6359	180
1996	19474	179
2001	36113	179
2000	12599	179
1999	6332	179
1998	27533	179
1997	4228	179
1991	18373	179
1995	5873	179
1994	3389	179
1993	4889	179
1992	3315	179
1990	7014	179
1989	7809	179
2011	23458	178
2007	770	178
2010	10515	178
2009	8596	178
2008	48503	178
2003	17444	178
2006	8282	178
2004	9037	178
2002	4196	178
2005	15326	178
2021	12984	177
2030	8181	177
2029	9990	177
2027	7050	177
2026	40344	177
2025	16350	177
2024	15398	177
2023	7192	177
2022	11744	177
2028	10189	177
2020	9609	177
2018	5649	177
2017	9997	177
2016	15010	177
2015	14823	177
2012	138	177
2014	693	177
2013	9876	177
2019	7491	177
2036	15576	176
2040	12419	176
2039	7323	176
2038	18957	176
2037	5284	176
2035	16659	176
2034	12178	176
2033	40244	176
2032	20487	176
2031	9986	176
2049	7250	175
2055	7311	175
2054	5307	175
2053	16229	175
2052	2799	175
2051	557	175
2050	28852	175
2047	19742	175
2048	20774	175
2046	3943	175
2045	22434	175
2044	33437	175
2043	26034	175
2042	4636	175
2041	14251	175
2066	17597	174
2075	36624	174
2074	16214	174
2073	9931	174
2072	23461	174
2071	7988	174
2070	15895	174
2069	8731	174
2068	16145	174
2067	7413	174
2065	9717	174
2060	2684	174
2057	2780	174
2058	35491	174
2059	2886	174
2056	19866	174
2061	33544	174
2062	26160	174
2063	2255	174
2064	10540	174
2087	16293	173
2096	9783	173
2095	4055	173
2094	1946	173
2093	17544	173
2092	4487	173
2091	43356	173
2090	2251	173
2089	4579	173
2088	12381	173
2080	18472	173
2086	9695	173
2084	19219	173
2083	43129	173
2082	1756	173
2081	16798	173
2076	8850	173
2079	10700	173
2078	17515	173
2077	16425	173
2085	17140	173
2101	13347	172
2104	20249	172
2103	16245	172
2102	36766	172
2105	10140	172
2100	3854	172
2098	16913	172
2097	10641	172
2099	15236	172
2110	13138	171
2114	15383	171
2112	38919	171
2111	17378	171
2113	23440	171
2109	5806	171
2108	221	171
2107	13630	171
2106	757	171
2132	26038	170
2131	26341	170
2130	8136	170
2129	8450	170
2124	3108	170
2128	1897	170
2127	4041	170
2126	15830	170
2125	6785	170
2119	4235	170
2123	18085	170
2121	17421	170
2120	4264	170
2118	5573	170
2117	1452	170
2116	10671	170
2115	13301	170
2122	18225	170
2137	27188	169
2141	11000	169
2140	6842	169
2139	48646	169
2138	15417	169
2136	15268	169
2135	16536	169
2134	10616	169
2133	15527	169
2161	22930	168
2160	26548	168
2159	27243	168
2158	458	168
2152	18507	168
2157	7598	168
2156	16660	168
2155	9079	168
2154	414	168
2153	24866	168
2146	4800	168
2151	174	168
2149	4999	168
2148	10094	168
2147	18280	168
2145	17135	168
2144	15688	168
2143	15065	168
2142	7929	168
2150	14806	168
2169	27458	167
2175	16123	167
2174	28314	167
2173	4073	167
2172	3135	167
2171	4771	167
2170	3098	167
2167	11657	167
2168	7563	167
2166	106	167
2165	5530	167
2164	12296	167
2163	6844	167
2162	17507	167
2184	21163	166
2189	6891	166
2188	15085	166
2187	22798	166
2186	7175	166
2185	1034	166
2183	13774	166
2181	26636	166
2180	6575	166
2179	6401	166
2178	11470	166
2177	19339	166
2176	136	166
2182	14033	166
2198	18220	165
2200	10160	165
2207	28592	165
2206	4221	165
2205	2785	165
2204	6198	165
2203	5305	165
2202	3308	165
2201	10792	165
2196	35508	165
2199	4087	165
2197	6272	165
2195	6368	165
2194	4191	165
2193	9789	165
2192	6123	165
2191	16835	165
2190	1084	165
2217	29792	164
2218	3835	164
2215	4721	164
2220	15145	164
2221	8046	164
2216	10878	164
2219	18339	164
2214	3929	164
2210	107	164
2208	23140	164
2209	23273	164
2213	9475	164
2211	5356	164
2212	9574	164
2229	19585	163
2236	16352	163
2235	6334	163
2233	4554	163
2231	2127	163
2230	18515	163
2234	19269	163
2228	1279	163
2224	15192	163
2227	6283	163
2222	3666	163
2223	1315	163
2232	16081	163
2225	20063	163
2226	18364	163
2249	6680	162
2261	9712	162
2260	14528	162
2258	1325	162
2257	6152	162
2256	3612	162
2255	22638	162
2254	8372	162
2253	12325	162
2252	41971	162
2251	15924	162
2259	18504	162
2250	412	162
2248	17790	162
2242	8263	162
2237	19911	162
2238	4036	162
2240	4253	162
2241	16170	162
2239	26331	162
2243	13344	162
2244	6946	162
2245	16305	162
2246	1588	162
2247	34891	162
2269	35328	161
2274	8139	161
2273	16443	161
2272	9978	161
2271	3669	161
2270	3088	161
2267	16460	161
2268	3881	161
2266	6277	161
2265	735	161
2264	3842	161
2263	3897	161
2262	16752	161
2287	2110	160
2296	16680	160
2295	6747	160
2294	20840	160
2293	56345	160
2292	13624	160
2291	419	160
2290	9589	160
2289	2916	160
2288	7207	160
2286	4556	160
2285	5137	160
2280	10161	160
2275	7040	160
2276	2800	160
2278	2708	160
2279	7901	160
2277	2669	160
2281	12370	160
2282	25515	160
2283	7581	160
2284	978	160
2305	10503	159
2311	9502	159
2310	2544	159
2309	22629	159
2308	10554	159
2307	5552	159
2306	3123	159
2303	22753	159
2304	12966	159
2302	1062	159
2301	28943	159
2300	3141	159
2299	2911	159
2298	7941	159
2297	2607	159
2321	9785	158
2330	18108	158
2329	9633	158
2328	3740	158
2327	16505	158
2326	9948	158
2325	9604	158
2323	9527	158
2322	36447	158
2324	35658	158
2320	9340	158
2316	18852	158
2313	3306	158
2314	1179	158
2315	14217	158
2319	15901	158
2317	6110	158
2318	12150	158
2312	11556	158
2341	18915	157
2350	15926	157
2349	36395	157
2348	39690	157
2347	10084	157
2346	1759	157
2345	3767	157
2344	9549	157
2343	6932	157
2351	22637	157
2342	4078	157
2340	4113	157
2338	18815	157
2337	5946	157
2336	18987	157
2335	1511	157
2334	2503	157
2333	28077	157
2332	4034	157
2331	16114	157
2339	16837	157
2369	22648	156
2365	2852	156
2366	19098	156
2367	2996	156
2368	5800	156
2363	33592	156
2370	8582	156
2371	28551	156
2372	14816	156
2373	5597	156
2364	22765	156
2360	2454	156
2362	18947	156
2356	7277	156
2353	12540	156
2354	21266	156
2355	15146	156
2361	6157	156
2357	9807	156
2359	29177	156
2352	288	156
2358	18721	156
2381	9991	155
2388	9774	155
2387	20034	155
2386	214	155
2385	6208	155
2384	17281	155
2382	15200	155
2383	44240	155
2379	39	155
2378	15902	155
2377	15654	155
2376	20	155
2375	29204	155
2374	4222	155
2380	11777	155
2398	7505	154
2406	21982	154
2405	17406	154
2404	9123	154
2403	9724	154
2402	14138	154
2401	4309	154
2400	17468	154
2399	8034	154
2397	48635	154
2392	9147	154
2389	9943	154
2390	1278	154
2391	13825	154
2396	3672	154
2393	422	154
2394	3660	154
2395	4105	154
2417	631	153
2425	5750	153
2424	16287	153
2423	16771	153
2422	19653	153
2421	10356	153
2420	39696	153
2419	8520	153
2418	15993	153
2426	215	153
2416	28388	153
2415	15822	153
2410	4966	153
2414	3046	153
2408	28577	153
2409	7990	153
2407	17002	153
2411	7450	153
2412	67678	153
2413	9769	153
2435	16670	152
2442	15524	152
2441	9196	152
2440	6780	152
2439	27869	152
2438	1326	152
2437	35748	152
2436	17026	152
2434	48676	152
2427	23325	152
2432	6016	152
2431	6023	152
2430	9514	152
2429	14900	152
2428	15875	152
2433	6244	152
2458	18896	151
2455	18909	151
2456	17519	151
2457	40433	151
2462	11308	151
2459	5034	151
2460	33614	151
2461	6961	151
2453	15213	151
2454	2781	151
2452	6273	151
2451	8846	151
2449	18780	151
2448	16481	151
2447	10346	151
2446	18899	151
2445	26710	151
2444	19092	151
2443	16075	151
2450	3069	151
2473	26844	150
2475	4665	150
2474	17003	150
2476	10193	150
2471	2114	150
2472	6349	150
2470	18506	150
2469	86089	150
2468	4637	150
2467	12618	150
2464	7946	150
2466	3357	150
2465	29065	150
2463	21088	150
2493	30154	149
2490	42830	149
2491	713	149
2492	15002	149
2487	17114	149
2494	16681	149
2495	16902	149
2489	22923	149
2497	9295	149
2498	19977	149
2496	4193	149
2485	9839	149
2488	18094	149
2486	17168	149
2484	16508	149
2483	9568	149
2482	7165	149
2481	2917	149
2480	9893	149
2479	7137	149
2478	164	149
2477	3747	149
2518	8171	148
2517	1769	148
2520	23817	148
2516	9864	148
2515	40099	148
2519	48591	148
2509	23151	148
2521	17815	148
2522	7582	148
2523	30093	148
2524	211	148
2525	4605	148
2513	7908	148
2514	18375	148
2506	20022	148
2512	10336	148
2504	16555	148
2511	2662	148
2501	7600	148
2502	27481	148
2503	156	148
2500	15175	148
2505	16469	148
2499	15079	148
2507	6241	148
2508	22761	148
2510	5024	148
2537	28743	147
2547	736	147
2546	13074	147
2544	15000	147
2543	9101	147
2542	2755	147
2541	21248	147
2540	10089	147
2539	6669	147
2538	13230	147
2545	9740	147
2536	12272	147
2534	1812	147
2533	5275	147
2532	30683	147
2531	694	147
2530	13863	147
2529	20497	147
2528	13844	147
2527	10399	147
2526	3783	147
2535	37768	147
2567	16915	146
2563	19869	146
2564	20775	146
2565	4008	146
2566	2978	146
2572	21409	146
2568	29739	146
2569	18818	146
2570	9889	146
2571	13236	146
2561	103811	146
2562	6169	146
2557	7804	146
2560	9465	146
2559	19274	146
2558	5796	146
2556	15218	146
2555	7191	146
2554	16707	146
2553	91	146
2552	18717	146
2551	29513	146
2550	21156	146
2549	23038	146
2548	5668	146
2588	1718	145
2585	3893	145
2586	6304	145
2587	19119	145
2583	4090	145
2589	17113	145
2590	23101	145
2591	3939	145
2584	26035	145
2573	6765	145
2582	28168	145
2577	3119	145
2574	10795	145
2575	17106	145
2576	4778	145
2581	26667	145
2578	9058	145
2580	15936	145
2579	76148	145
2603	10518	144
2614	28560	144
2613	16273	144
2612	8932	144
2611	20418	144
2610	104	144
2609	25046	144
2608	46786	144
2606	4903	144
2605	12982	144
2604	16862	144
2607	63271	144
2602	15462	144
2596	7252	144
2592	9513	144
2601	42448	144
2594	16655	144
2595	9148	144
2593	29876	144
2597	17146	144
2598	14238	144
2599	15248	144
2600	13559	144
2625	4806	143
2634	36149	143
2633	17766	143
2632	22689	143
2631	1702	143
2630	18575	143
2629	7556	143
2628	6803	143
2627	15428	143
2626	19819	143
2619	10402	143
2624	16311	143
2622	26422	143
2621	2475	143
2620	1439	143
2615	16817	143
2618	5596	143
2617	3593	143
2616	7340	143
2623	7584	143
2641	28815	142
2645	8185	142
2644	29471	142
2643	5680	142
2642	2604	142
2638	3086	142
2640	3139	142
2639	617	142
2637	12141	142
2636	10882	142
2635	28289	142
2656	57336	141
2655	2941	141
2652	16494	141
2653	1767	141
2654	18639	141
2651	11611	141
2649	3346	141
2648	15529	141
2647	11650	141
2646	2735	141
2650	28062	141
2679	14819	140
2673	30627	140
2675	10461	140
2676	4879	140
2677	16585	140
2678	9629	140
2682	24231	140
2680	17407	140
2681	35607	140
2671	19437	140
2683	4172	140
2684	18553	140
2672	9089	140
2674	3560	140
2670	2615	140
2663	3028	140
2657	9136	140
2669	9043	140
2659	558	140
2660	25521	140
2661	40609	140
2662	15076	140
2658	6352	140
2664	24146	140
2666	10071	140
2667	12598	140
2668	18792	140
2665	4031	140
2703	4411	139
2699	15867	139
2700	21182	139
2701	10044	139
2702	3931	139
2706	4842	139
2704	7303	139
2705	5319	139
2707	13342	139
2708	6398	139
2697	30180	139
2698	2963	139
2685	5981	139
2696	11097	139
2694	18683	139
2693	53054	139
2692	13176	139
2691	6943	139
2690	2652	139
2689	45090	139
2688	17663	139
2687	14277	139
2686	40910	139
2695	13225	139
2727	28214	138
2723	444	138
2724	20020	138
2725	19835	138
2726	2734	138
2732	178	138
2728	28818	138
2729	16118	138
2730	28116	138
2731	4981	138
2721	15672	138
2722	16125	138
2720	45314	138
2713	6558	138
2719	8358	138
2710	348	138
2711	1327	138
2712	7058	138
2709	16633	138
2714	11760	138
2715	12186	138
2716	10135	138
2717	13239	138
2718	483	138
2744	40077	137
2755	3787	137
2754	4232	137
2753	4224	137
2752	16325	137
2751	6755	137
2750	9292	137
2749	23337	137
2748	38635	137
2747	57442	137
2746	27337	137
2745	3687	137
2736	7270	137
2742	3629	137
2741	1874	137
2740	13741	137
2739	5973	137
2738	1796	137
2737	6168	137
2735	1883	137
2734	23912	137
2733	23830	137
2743	10131	137
2773	1154	136
2774	9159	136
2770	12347	136
2772	3017	136
2776	2343	136
2775	18211	136
2782	3265	136
2777	20900	136
2778	11510	136
2779	67086	136
2780	36230	136
2781	17089	136
2771	15096	136
2757	2984	136
2769	35767	136
2762	4011	136
2756	35642	136
2768	27124	136
2759	9169	136
2760	20449	136
2761	10682	136
2758	3900	136
2763	14724	136
2764	6238	136
2765	27585	136
2766	5004	136
2767	23487	136
2793	52812	135
2802	3918	135
2801	5128	135
2800	7824	135
2799	2201	135
2798	14455	135
2797	35623	135
2796	35696	135
2795	5492	135
2794	8008	135
2791	39784	135
2792	15093	135
2786	11131	135
2783	17007	135
2784	7158	135
2785	48309	135
2790	16506	135
2787	35710	135
2788	7496	135
2789	7927	135
2828	9162	134
2816	18254	134
2826	39266	134
2825	17811	134
2824	9430	134
2823	3826	134
2822	5853	134
2821	10706	134
2820	10023	134
2819	10376	134
2818	3038	134
2817	3910	134
2827	8947	134
2815	7910	134
2808	18519	134
2814	16417	134
2804	2356	134
2805	24468	134
2806	513	134
2807	878	134
2803	18221	134
2809	13549	134
2810	20328	134
2811	21155	134
2812	4729	134
2813	22402	134
2840	4177	133
2850	16248	133
2849	18274	133
2848	18494	133
2847	5709	133
2846	2518	133
2845	27309	133
2844	15893	133
2843	8013	133
2842	14670	133
2841	26725	133
2838	27768	133
2839	12977	133
2836	40045	133
2835	86119	133
2834	24660	133
2833	7300	133
2832	40580	133
2831	3200	133
2830	10090	133
2829	8284	133
2837	10716	133
2866	29140	132
2863	28025	132
2864	15142	132
2865	526	132
2861	6156	132
2867	9493	132
2868	27101	132
2869	23154	132
2870	2930	132
2862	8800	132
2856	17305	132
2860	17417	132
2855	47	132
2852	28572	132
2853	6105	132
2854	36763	132
2859	20118	132
2851	6203	132
2857	5030	132
2858	3520	132
2883	15728	131
2892	38614	131
2891	29069	131
2890	4051	131
2889	9706	131
2888	11245	131
2887	48789	131
2886	7000	131
2885	29246	131
2884	18318	131
2882	28913	131
2872	9479	131
2880	3324	131
2879	6654	131
2878	2058	131
2877	19153	131
2876	35204	131
2875	8552	131
2874	41694	131
2873	20027	131
2881	11271	131
2871	6284	131
2908	19555	130
2905	9763	130
2906	11832	130
2907	9601	130
2903	6307	130
2909	34912	130
2910	14961	130
2911	4590	130
2904	21005	130
2894	22851	130
2902	29137	130
2900	46070	130
2899	9562	130
2898	10357	130
2897	1355	130
2896	14423	130
2895	11084	130
2893	15352	130
2901	1892	130
2933	16597	129
2928	3334	129
2929	15463	129
2930	9770	129
2931	8015	129
2932	10705	129
2939	3852	129
2934	39052	129
2935	8122	129
2936	7591	129
2937	10566	129
2940	17408	129
2926	10134	129
2927	9539	129
2938	3090	129
2925	27507	129
2917	13336	129
2913	6461	129
2914	5777	129
2912	45365	129
2915	7304	129
2916	42478	129
2924	4985	129
2918	10081	129
2920	36185	129
2921	14876	129
2922	16340	129
2923	45013	129
2919	13062	129
2964	17036	128
2958	2931	128
2959	29151	128
2960	7938	128
2961	41935	128
2962	17611	128
2963	6405	128
2967	8639	128
2965	5852	128
2966	10687	128
2968	59718	128
2969	5531	128
2970	18159	128
2956	16991	128
2957	7308	128
2971	18948	128
2955	13650	128
2947	979	128
2941	27673	128
2942	6542	128
2943	3048	128
2944	17352	128
2945	25716	128
2946	5047	128
2954	39917	128
2948	30	128
2950	36584	128
2951	11833	128
2952	13588	128
2953	39307	128
2949	15380	128
2995	26473	127
2989	7167	127
2990	3304	127
2991	14871	127
2992	11664	127
2993	10524	127
2994	28142	127
2998	40275	127
2996	14840	127
2997	7286	127
2999	8945	127
3000	27294	127
3001	1464	127
2988	29019	127
3002	15650	127
2986	24379	127
2987	9842	127
2978	2872418	127
2972	9464	127
2985	28973	127
2974	5560	127
2975	2953	127
2976	9727	127
2977	28120	127
2973	7471	127
2979	15314	127
2981	19780	127
2982	15662	127
2983	6197	127
2984	16485	127
2980	8025	127
3021	13331	126
3017	9141	126
3018	70035	126
3019	35977	126
3020	19349	126
3024	35656	126
3022	5716	126
3023	2568	126
3025	14471	126
3026	15202	126
3015	22807	126
3016	16756	126
3007	6847	126
3014	3665	126
3008	15480	126
3004	1518	126
3005	34968	126
3006	14254	126
3003	7009	126
3013	26997	126
3009	6250	126
3010	3042	126
3011	324	126
3012	11297	126
3040	4445	125
3051	11810	125
3050	3772	125
3049	589	125
3048	26255	125
3047	19677	125
3046	32559	125
3045	13453	125
3044	57389	125
3043	8033	125
3042	3818	125
3041	15501	125
3052	23794	125
3039	2674	125
3032	1513	125
3027	16333	125
3029	49657	125
3030	5250	125
3031	44845	125
3028	15484	125
3033	27720	125
3034	20542	125
3035	35383	125
3036	16497	125
3037	32154	125
3038	4555	125
3063	27185	124
3073	16896	124
3072	4202	124
3071	1258	124
3070	16039	124
3069	4679	124
3068	29089	124
3067	3692	124
3066	34138	124
3065	14831	124
3064	9567	124
3062	44311	124
3060	27606	124
3059	4254	124
3058	6426	124
3057	28644	124
3056	1797	124
3055	17527	124
3054	15103	124
3053	33906	124
3061	3418	124
3095	12669	123
3091	16968	123
3092	222	123
3089	4012	123
3093	11736	123
3094	14770	123
3100	26747	123
3096	9001	123
3097	4906	123
3098	19617	123
3099	29122	123
3101	7583	123
3102	6876	123
3090	10026	123
3084	7489	123
3088	14252	123
3079	3070	123
3087	23067	123
3074	16493	123
3075	3888	123
3077	8462	123
3078	7900	123
3076	5888	123
3080	46653	123
3081	16019	123
3082	4119	123
3083	12057	123
3085	27827	123
3086	15810	123
3130	8234	122
3123	17475	122
3124	5042	122
3125	22939	122
3126	19294	122
3127	5309	122
3128	21170	122
3129	22288	122
3137	6400	122
3131	17269	122
3132	11059	122
3133	35478	122
3134	18086	122
3135	6786	122
3136	41774	122
3138	7984	122
3139	25512	122
3122	19979	122
3121	4501	122
3120	3846	122
3110	364	122
3103	13226	122
3104	11058	122
3119	48375	122
3106	33887	122
3107	17404	122
3108	19894	122
3109	3811	122
3105	8808	122
3111	2566	122
3113	32213	122
3114	30852	122
3115	16916	122
3116	15625	122
3117	17978	122
3118	16476	122
3112	16909	122
3161	1297	121
3156	27748	121
3157	14565	121
3158	3381	121
3159	150	121
3160	5621	121
3164	1441	121
3162	3952	121
3154	15770	121
3163	4777	121
3165	10032	121
3166	2912	121
3155	9107	121
3144	31126	121
3153	576	121
3146	3080	121
3140	17092	121
3141	3892	121
3142	45390	121
3143	4640	121
3145	9200	121
3152	4069	121
3147	27721	121
3149	14792	121
3150	38696	121
3151	30992	121
3148	17491	121
3190	5321	120
3185	16267	120
3186	20215	120
3187	9646	120
3188	20107	120
3189	8362	120
3193	42026	120
3191	29079	120
3192	6319	120
3194	15015	120
3195	20871	120
3196	13667	120
3182	10567	120
3184	22010	120
3183	15711	120
3181	450	120
3174	22728	120
3168	1563	120
3169	37829	120
3170	22932	120
3171	19872	120
3172	3725	120
3173	16860	120
3167	1398	120
3175	3958	120
3177	27857	120
3178	10998	120
3179	10709	120
3180	19650	120
3176	1845	120
3220	31406	119
3214	20169	119
3215	17522	119
3216	3375	119
3217	28823	119
3218	15471	119
3219	12343	119
3223	3419	119
3221	27485	119
3222	6135	119
3224	6896	119
3225	12780	119
3226	14948	119
3212	3903	119
3213	10238	119
3198	11239	119
3211	36658	119
3203	3413	119
3210	29399	119
3197	5209	119
3199	16956	119
3200	22515	119
3202	17285	119
3201	24865	119
3204	12587	119
3205	52372	119
3206	19613	119
3207	1599	119
3208	14657	119
3209	29825	119
3252	15050	118
3246	8664	118
3247	8794	118
3248	718	118
3249	35245	118
3250	56918	118
3251	57021	118
3259	2784	118
3253	2654	118
3254	4218	118
3255	52097	118
3256	5731	118
3257	38798	118
3258	18231	118
3244	10426	118
3245	16983	118
3227	17791	118
3243	18165	118
3235	18690	118
3228	14537	118
3230	25038	118
3231	40019	118
3232	20272	118
3233	8921	118
3234	4025	118
3229	5384	118
3236	10434	118
3240	27862	118
3237	20507	118
3241	12198	118
3242	6417	118
3239	3083	118
3238	17809	118
3273	8662	117
3285	17187	117
3284	40000	117
3283	16255	117
3281	26587	117
3280	9734	117
3279	42861	117
3278	27749	117
3277	6819	117
3276	742	117
3275	41435	117
3274	20808	117
3282	14759	117
3272	13597	117
3271	3890	117
3264	16496	117
3270	5756	117
3260	19425	117
3261	9822	117
3263	1591	117
3262	8996	117
3265	17821	117
3266	4085	117
3267	16849	117
3268	2977	117
3269	12085	117
3310	15087	116
3304	28979	116
3305	15969	116
3306	3941	116
3307	42212	116
3308	35661	116
3309	39288	116
3315	16226	116
3311	10202	116
3312	9757	116
3302	17396	116
3313	16651	116
3314	701059	116
3316	15920	116
3303	14723	116
3290	63162	116
3301	17203	116
3293	6373	116
3300	35746	116
3287	25361	116
3288	3023	116
3289	16926	116
3291	28666	116
3292	16777	116
3286	6860	116
3294	34070	116
3296	36793	116
3297	3300	116
3298	3148	116
3299	48810	116
3295	4133	116
3338	6682	115
3333	6125	115
3334	10482	115
3335	1706	115
3336	3944	115
3337	10999	115
3341	2612	115
3339	3766	115
3340	17866	115
3342	36055	115
3343	6182	115
3330	2595	115
3332	4044	115
3331	27265	115
3320	19583	115
3328	20812	115
3327	5698	115
3326	22432	115
3325	6544	115
3324	15042	115
3323	16685	115
3322	4474	115
3321	26983	115
3319	18160	115
3318	20594	115
3317	17302	115
3329	27723	115
3367	299	114
3369	9158	114
3368	16244	114
3362	12179	114
3366	7433	114
3365	7335	114
3371	18273	114
3370	40333	114
3377	8501	114
3372	22327	114
3373	13264	114
3374	35098	114
3375	9828	114
3376	3708	114
3378	15387	114
3379	2792	114
3363	7397	114
3364	12220	114
3361	5512	114
3352	28604	114
3344	13277	114
3346	2661	114
3347	35614	114
3348	14857	114
3349	15425	114
3350	7599	114
3351	8505	114
3345	2526	114
3353	4674	114
3358	6282	114
3354	16037	114
3359	16024	114
3360	17291	114
3357	16296	114
3356	375	114
3355	17024	114
3403	16891	113
3397	154	113
3398	34560	113
3399	5773	113
3400	9362	113
3401	49060	113
3402	16781	113
3404	4897	113
3396	6662	113
3405	12218	113
3406	4691	113
3408	28187	113
3409	51732	113
3410	15116	113
3407	19051	113
3394	4923	113
3395	15937	113
3386	8528	113
3393	9288	113
3380	28671	113
3381	24611	113
3382	3768	113
3384	18480	113
3385	19199	113
3383	36937	113
3387	14018	113
3388	11523	113
3389	19889	113
3390	94	113
3391	13836	113
3392	33613	113
3436	1331	112
3430	2608	112
3431	13339	112
3432	4003	112
3433	18090	112
3434	4656	112
3435	18205	112
3428	6295	112
3437	33195	112
3438	19273	112
3439	36336	112
3440	17489	112
3441	1546	112
3442	2894	112
3443	3336	112
3429	12954	112
3422	13355	112
3427	5835	112
3418	15381	112
3426	47658	112
3412	25171	112
3413	40604	112
3414	40419	112
3416	17325	112
3417	16895	112
3415	6363	112
3419	46089	112
3420	29037	112
3421	18794	112
3411	9544	112
3423	20097	112
3424	4128	112
3425	4015	112
3475	18582	111
3467	15684	111
3468	28709	111
3469	35992	111
3470	1373	111
3471	36414	111
3472	11565	111
3473	16104	111
3474	36570	111
3483	17585	111
3476	18164	111
3477	17160	111
3478	72506	111
3479	9524	111
3480	3457	111
3481	2779	111
3482	9898	111
3465	22817	111
3484	2839	111
3466	6251	111
3461	9000	111
3464	39707	111
3453	8818	111
3444	4308	111
3445	3884	111
3446	16192	111
3447	15511	111
3448	61147	111
3463	3427	111
3450	3934	111
3451	34441	111
3452	9909	111
3449	4591	111
3454	18179	111
3456	4648	111
3457	5188	111
3458	6346	111
3459	1525	111
3460	11109	111
3462	26713	111
3455	4466	111
3501	22955	110
3498	49735	110
3499	9492	110
3500	34728	110
3505	22468	110
3502	13337	110
3503	5336	110
3504	4826	110
3495	43658	110
3497	4353	110
3496	24000	110
3485	9530	110
3493	2611	110
3492	4373	110
3491	29759	110
3490	3333	110
3489	6378	110
3488	6555	110
3487	128	110
3486	17535	110
3494	15077	110
3534	34616	109
3537	15098	109
3536	4160	109
3535	3802	109
3530	18713	109
3533	13201	109
3532	1901	109
3531	3067	109
3539	30138	109
3538	8764	109
3544	42758	109
3540	58990	109
3541	18248	109
3542	20310	109
3543	23643	109
3528	17370	109
3545	9732	109
3546	4565	109
3547	6879	109
3548	42409	109
3529	21345	109
3526	21108	109
3527	18898	109
3516	10087	109
3506	36196	109
3507	18864	109
3508	29070	109
3509	11845	109
3510	7794	109
3511	10824	109
3512	15970	109
3514	36820	109
3515	9934	109
3513	3774	109
3517	16578	109
3518	28536	109
3519	16297	109
3520	11278	109
3521	7506	109
3522	27238	109
3523	22313	109
3524	30484	109
3525	13652	109
3573	49002	108
3567	2647	108
3568	3673	108
3569	2938	108
3570	20173	108
3571	7029	108
3572	31496	108
3565	55194	108
3574	27187	108
3575	28411	108
3576	6500	108
3577	18026	108
3578	44807	108
3579	22439	108
3580	35980	108
3566	3901	108
3560	4630	108
3564	18106	108
3556	6222	108
3563	11690	108
3550	21092	108
3552	1451	108
3553	48548	108
3554	1429	108
3555	7042	108
3551	43486	108
3557	5791	108
3559	15652	108
3549	32703	108
3561	20248	108
3562	53052	108
3558	16331	108
3599	10599	107
3595	8137	107
3596	9579	107
3597	68334	107
3598	28733	107
3602	6982	107
3600	13750	107
3601	22399	107
3603	2053	107
3592	42784	107
3594	4043	107
3593	3825	107
3583	2429	107
3586	16298	107
3591	29121	107
3582	2390	107
3584	5001	107
3585	7100	107
3581	1477	107
3587	14841	107
3588	3594	107
3589	13364	107
3590	16400	107
3628	18673	106
3622	7511	106
3623	6161	106
3624	7129	106
3625	15313	106
3626	10096	106
3627	16393	106
3620	17061	106
3634	18213	106
3630	7163	106
3631	33664	106
3632	17780	106
3633	22312	106
3635	3997	106
3636	20527	106
3621	3003	106
3629	8584	106
3619	11325	106
3610	15610	106
3618	14672	106
3604	17518	106
3605	8876	106
3606	15975	106
3608	35961	106
3609	11079	106
3607	3566	106
3611	42434	106
3612	36180	106
3613	20043	106
3614	27113	106
3615	9605	106
3616	9897	106
3617	21065	106
3665	17474	105
3658	34480	105
3659	28648	105
3660	15699	105
3661	5593	105
3662	15269	105
3663	36073	105
3664	1491	105
3672	5510	105
3666	9538	105
3667	10401	105
3668	27357	105
3669	27863	105
3670	17553	105
3671	16215	105
3655	27500	105
3673	7490	105
3656	15929	105
3657	15137	105
3654	15973	105
3644	9385	105
3653	20278	105
3637	11235	105
3638	6940	105
3639	18939	105
3640	705	105
3642	51645	105
3643	18910	105
3641	44312	105
3645	38580	105
3649	3707	105
3646	15891	105
3651	9181	105
3650	15134	105
3652	183	105
3648	16611	105
3647	28889	105
3704	16593	104
3695	46400	104
3696	263	104
3697	8014	104
3698	15841	104
3699	574	104
3700	19151	104
3702	9800	104
3703	7139	104
3693	27856	104
3705	3117	104
3706	8775	104
3707	6315	104
3708	4434	104
3709	4024	104
3710	16696	104
3711	24208	104
3712	17717	104
3694	3786	104
3701	2936	104
3692	5517	104
3683	20350	104
3691	34447	104
3675	16768	104
3677	3829	104
3678	39323	104
3679	327	104
3680	3723	104
3681	11287	104
3682	3335	104
3676	12893	104
3684	17397	104
3674	40619	104
3686	6560	104
3687	3592	104
3688	65244	104
3689	41900	104
3690	6912	104
3685	15186	104
3737	7052	103
3731	18437	103
3732	29231	103
3733	17096	103
3734	14745	103
3735	43282	103
3736	42835	103
3741	31219	103
3738	36731	103
3739	3155	103
3740	7107	103
3742	26809	103
3743	3307	103
3729	42165	103
3730	26975	103
3725	38997	103
3728	8038	103
3719	11054	103
3713	12146	103
3727	573	103
3715	6167	103
3716	16219	103
3717	15852	103
3718	5303	103
3714	30284	103
3720	2657	103
3722	56726	103
3723	4277	103
3724	44020	103
3726	5993	103
3721	36537	103
3765	2889	102
3760	3448	102
3761	28266	102
3762	12654	102
3763	26813	102
3764	20195	102
3769	17245	102
3766	396	102
3768	9801	102
3770	9235	102
3771	27295	102
3758	43624	102
3759	7460	102
3767	5748	102
3757	8923	102
3749	5837	102
3756	26489	102
3745	35394	102
3747	16679	102
3748	6422	102
3744	2875	102
3746	20035	102
3750	8740	102
3751	58588	102
3752	39238	102
3753	2795	102
3754	8871	102
3755	28625	102
3807	18104	101
3797	5894	101
3798	35976	101
3800	17466	101
3801	13037	101
3802	12164	101
3803	40620	101
3804	25416	101
3805	17547	101
3806	7468	101
3813	28213	101
3808	12517	101
3809	23648	101
3810	6285	101
3811	28204	101
3812	36535	101
3795	34170	101
3814	29245	101
3815	10377	101
3816	4016	101
3817	19554	101
3796	38852	101
3799	21792	101
3794	26586	101
3782	5920	101
3793	14484	101
3773	6348	101
3774	38558	101
3775	36778	101
3776	5846	101
3777	18204	101
3778	13316	101
3779	48693	101
3780	56072	101
3781	48581	101
3772	15196	101
3783	8050	101
3785	4215	101
3786	31067	101
3787	4626	101
3788	68533	101
3789	17794	101
3790	15637	101
3791	199	101
3792	36343	101
3784	1318	101
3841	8281	100
3849	202	100
3848	18238	100
3847	4120	100
3843	53947	100
3846	15674	100
3845	21107	100
3844	59122	100
3851	25362	100
3850	2872446	100
3856	16139	100
3852	8364	100
3853	27834	100
3854	10055	100
3855	6041	100
3857	10731	100
3858	4610	100
3859	17943	100
3860	20047	100
3861	69635	100
3862	8851	100
3842	11524	100
3834	49700	100
3840	42201	100
3827	33434	100
3839	11056	100
3818	7045	100
3819	55469	100
3821	34032	100
3822	33805	100
3823	78393	100
3824	29847	100
3825	2054	100
3826	14209	100
3820	22725	100
3828	2728	100
3835	19715	100
3829	13270	100
3838	65323	100
3836	14700	100
3837	13639	100
3833	9657	100
3832	4245	100
3831	4371	100
3830	42271	100
3884	19139	99
3891	16282	99
3885	6218	99
3886	17517	99
3887	18956	99
3888	16022	99
3889	18488	99
3890	27725	99
3896	21086	99
3892	3018	99
3893	28152	99
3894	72447	99
3895	9830	99
3897	2649	99
3898	2956	99
3881	36108	99
3883	14719	99
3882	30724	99
3880	8725	99
3871	16247	99
3863	3658	99
3864	8697	99
3865	4633	99
3866	19728	99
3868	8530	99
3869	40856	99
3870	9508	99
3867	8867	99
3872	16982	99
3874	8138	99
3875	7047	99
3876	1675	99
3877	22341	99
3878	30412	99
3879	39834	99
3873	9918	99
3931	4192	98
3934	12539	98
3933	16122	98
3932	11055	98
3927	1713	98
3930	13327	98
3929	18399	98
3928	36349	98
3926	71338	98
3936	27750	98
3935	5814	98
3944	16522	98
3937	1169	98
3938	45654	98
3939	26744	98
3940	6303	98
3941	41787	98
3942	40118	98
3943	75389	98
3924	21576	98
3945	13769	98
3946	386	98
3947	16602	98
3925	23915	98
3907	16166	98
3923	18430	98
3910	35494	98
3922	3684	98
3899	3899	98
3900	42235	98
3901	41581	98
3902	68311	98
3903	33387	98
3905	41313	98
3906	16622	98
3908	17033	98
3909	6907	98
3904	29341	98
3911	28255	98
3913	7411	98
3914	9679	98
3915	10062	98
3916	20374	98
3917	16045	98
3918	8595	98
3919	75521	98
3920	2924	98
3912	22669	98
3921	9639	98
3982	16445	97
3986	2854	97
3985	4728	97
3984	3602	97
3983	52980	97
3977	11250	97
3981	15850	97
3980	15569	97
3979	1526	97
3978	28890	97
3988	4238	97
3987	33428	97
4000	13349	97
3989	11704	97
3990	18354	97
3991	5178	97
3992	5149	97
3975	40286	97
3994	6855	97
3995	12348	97
3996	3904	97
3997	24669	97
3998	27102	97
3999	35441	97
4001	3851	97
3976	13550	97
3993	27972	97
3974	29041	97
3960	39580	97
3973	15195	97
3948	20918	97
3949	14562	97
3950	8732	97
3951	36130	97
3953	12266	97
3954	2511	97
3955	3870	97
3956	8723	97
3957	7068	97
3958	36386	97
3959	35506	97
3952	22646	97
3961	22804	97
3968	7102	97
3962	16478	97
3972	16809	97
3971	23027	97
3969	58466	97
3970	16308	97
3967	4039	97
3966	13238	97
3965	17653	97
3964	70938	97
3963	12535	97
4023	20003	96
4030	58425	96
4024	70540	96
4025	9619	96
4026	14057	96
4027	55206	96
4028	9855	96
4029	20028	96
4036	8694	96
4031	29535	96
4032	15556	96
4033	7986	96
4034	53267	96
4035	55239	96
4037	40239	96
4038	27087	96
4021	2575	96
4022	16048	96
4017	2538	96
4020	37064	96
4010	59517	96
4019	13907	96
4002	28850	96
4003	11486	96
4004	47705	96
4005	30013	96
4006	4611	96
4008	15788	96
4009	6233	96
4007	28637	96
4011	17864	96
4012	38573	96
4013	48045	96
4014	2737	96
4015	15559	96
4016	25126	96
4018	18765	96
4069	7309	95
4061	16966	95
4062	33061	95
4063	2712	95
4064	7245	95
4065	9424	95
4066	3524	95
4067	35351	95
4068	16236	95
4078	28727	95
4070	19656	95
4071	28906	95
4072	4537	95
4073	4229	95
4074	6960	95
4075	73054	95
4076	16721	95
4077	10840	95
4059	26525	95
4060	5327	95
4039	50552	95
4058	4669	95
4048	7292	95
4057	16442	95
4040	13082	95
4041	72302	95
4042	51423	95
4044	13190	95
4045	57318	95
4046	19732	95
4047	45686	95
4043	33529	95
4049	22734	95
4051	39885	95
4052	20165	95
4053	26166	95
4054	39755	95
4055	33954	95
4050	31033	95
4056	16438	95
4110	28905	94
4115	5658	94
4114	36383	94
4112	22162	94
4111	17901	94
4107	34466	94
4109	55163	94
4108	27503	94
4106	8481	94
4117	24792	94
4116	10117	94
4127	38344	94
4118	6042	94
4119	17221	94
4120	10185	94
4121	7293	94
4122	35649	94
4123	40579	94
4124	26512	94
4125	15623	94
4126	4646	94
4128	2864	94
4104	39036	94
4105	17207	94
4113	17116	94
4103	16431	94
4091	12071	94
4102	19902	94
4081	8268	94
4082	9293	94
4083	21809	94
4084	34695	94
4085	376	94
4086	9552	94
4087	7494	94
4088	922	94
4089	10295	94
4090	7663	94
4080	19792	94
4092	18851	94
4097	42435	94
4093	3833	94
4100	4225	94
4099	15972	94
4098	33320	94
4101	11415	94
4096	7595	94
4095	48315	94
4079	9972	94
4094	7196	94
4156	4123	93
4166	4943	93
4157	12149	93
4158	180	93
4159	13587	93
4160	28778	93
4161	49508	93
4162	29255	93
4163	1378	93
4164	54090	93
4165	22554	93
4172	28331	93
4167	23186	93
4168	20382	93
4169	8109	93
4170	6066	93
4171	9666	93
4173	18169	93
4174	27617	93
4175	8601	93
4176	18900	93
4177	6314	93
4154	5607	93
4155	16734	93
4178	43293	93
4153	33944	93
4140	7700	93
4130	7545	93
4131	22067	93
4132	3518	93
4133	3317	93
4134	58707	93
4135	5332	93
4136	14609	93
4137	22682	93
4138	2879	93
4139	19271	93
4129	8165	93
4141	4900	93
4148	18699	93
4142	35639	93
4151	1450	93
4150	16672	93
4149	4486	93
4152	14133	93
4147	29405	93
4145	17716	93
4144	70248	93
4143	5241	93
4146	1886	93
4214	45944	92
4204	25927	92
4205	2884	92
4206	5002	92
4207	26326	92
4208	22508	92
4209	42912	92
4210	3417	92
4211	13875	92
4212	6172	92
4213	38790	92
4216	15110	92
4215	46670	92
4217	34281	92
4218	5062	92
4219	28796	92
4221	12968	92
4222	67767	92
4223	8172	92
4224	4302	92
4225	9485	92
4202	40940	92
4220	6094	92
4203	28618	92
4201	36187	92
4189	5737	92
4200	15915	92
4179	18897	92
4180	11766	92
4181	20685	92
4182	11076	92
4183	34916	92
4185	1573	92
4186	41188	92
4187	2482	92
4188	4854	92
4184	4256	92
4190	11572	92
4195	312	92
4191	5203	92
4198	4722	92
4197	16467	92
4196	2904	92
4199	42321	92
4194	38149	92
4193	17968	92
4192	11893	92
4265	3838	91
4254	12479	91
4255	19708	91
4256	18152	91
4257	7283	91
4258	6008	91
4259	5415	91
4260	16604	91
4261	11420	91
4262	15370	91
4263	3097	91
4264	14	91
4277	54204	91
4252	8359	91
4267	20533	91
4268	82323	91
4269	35352	91
4270	13235	91
4271	10313	91
4272	52741	91
4273	12566	91
4274	17423	91
4275	16719	91
4276	13227	91
4278	9564	91
4253	5656	91
4266	41927	91
4251	30002	91
4237	26712	91
4250	19272	91
4227	16929	91
4228	13020	91
4229	4559	91
4230	14291	91
4231	3377	91
4232	18652	91
4233	15362	91
4234	15225	91
4235	40359	91
4236	10214	91
4226	22562	91
4238	5093	91
4240	7658	91
4241	26436	91
4242	10696	91
4243	17292	91
4244	47370	91
4245	18782	91
4246	15909	91
4247	3472	91
4248	16191	91
4249	18734	91
4239	723	91
4312	4895	90
4315	40193	90
4314	16457	90
4313	14427	90
4307	27435	90
4311	18222	90
4310	30346	90
4309	11474	90
4308	45318	90
4317	4300	90
4316	27245	90
4323	16774	90
4318	27746	90
4319	15307	90
4320	19023	90
4321	7966	90
4322	21014	90
4324	3468	90
4325	28327	90
4326	16272	90
4327	33145	90
4328	21693	90
4305	7336	90
4306	10877	90
4304	8613	90
4279	22469	90
4291	10589	90
4303	10113	90
4280	42808	90
4281	9711	90
4282	19943	90
4283	18212	90
4284	19372	90
4285	12430	90
4287	19208	90
4288	15083	90
4289	28984	90
4290	42363	90
4286	48310	90
4292	19063	90
4298	15412	90
4293	3029	90
4301	22803	90
4300	35449	90
4299	8531	90
4302	29572	90
4297	16377	90
4296	10157	90
4295	6697	90
4294	27556	90
4369	16836	89
4358	41046	89
4359	30366	89
4360	15979	89
4361	114555	89
4362	26069	89
4363	54091	89
4364	16918	89
4365	10092	89
4366	8612	89
4367	2960	89
4368	71007	89
4356	42795	89
4370	41191	89
4371	17783	89
4372	24318	89
4373	14159	89
4374	1707	89
4375	28154	89
4376	17699	89
4377	18154	89
4378	30374	89
4379	15211	89
4380	31995	89
4381	12979	89
4357	69634	89
4332	18781	89
4355	52958	89
4341	42466	89
4329	2880	89
4354	7472	89
4330	10573	89
4331	45827	89
4333	19836	89
4334	15443	89
4335	16652	89
4337	5123	89
4338	41457	89
4339	10354	89
4340	10454	89
4336	18608	89
4342	4205	89
4344	20286	89
4345	36074	89
4346	42322	89
4353	56825	89
4347	5923	89
4348	31438	89
4349	5746	89
4350	16563	89
4351	38361	89
4343	15014	89
4352	16399	89
4422	12452	88
4421	25513	88
4423	3516	88
4419	10763	88
4424	11020	88
4420	8371	88
4415	567	88
4418	20893	88
4417	46747	88
4416	16385	88
4414	24116	88
4426	23683	88
4425	19673	88
4439	17181	88
4427	46665	88
4428	14858	88
4429	32995	88
4430	18144	88
4431	36176	88
4432	4198	88
4433	17664	88
4434	2151	88
4435	16444	88
4436	17299	88
4437	14995	88
4438	59524	88
4440	18832	88
4412	19648	88
4413	15198	88
4405	8856	88
4411	35612	88
4395	14958	88
4410	23311	88
4382	23194	88
4384	3050	88
4385	19114	88
4386	16818	88
4387	42794	88
4388	3555	88
4389	17062	88
4390	30984	88
4391	20093	88
4392	22535	88
4393	44377	88
4394	34385	88
4383	27474	88
4396	22750	88
4403	36313	88
4409	9976	88
4397	3972	88
4407	6483	88
4406	792	88
4404	5898	88
4408	19745	88
4402	28539	88
4400	13392	88
4398	9177	88
4399	27759	88
4401	4464	88
4475	11834	87
4478	14154	87
4477	22304	87
4476	31872	87
4473	19201	87
4474	5207	87
4472	5599	87
4471	15856	87
4470	40844	87
4480	28291	87
4469	17013	87
4479	17714	87
4487	20743	87
4481	42437	87
4482	11309	87
4483	21011	87
4484	18963	87
4486	40893	87
4488	41846	87
4489	5243	87
4490	648	87
4491	16778	87
4492	72209	87
4493	40102	87
4467	22309	87
4468	10269	87
4485	9935	87
4466	4259	87
4452	15946	87
4465	36305	87
4442	31338	87
4443	13876	87
4444	13434	87
4445	6721	87
4446	16702	87
4447	23171	87
4448	15322	87
4449	2677	87
4450	38653	87
4451	8855	87
4441	24141	87
4453	8620	87
4455	25079	87
4456	40383	87
4457	23518	87
4458	15390	87
4459	10384	87
4460	20292	87
4461	13402	87
4462	5864	87
4463	18045	87
4454	22963	87
4464	25570	87
4527	13541	86
4530	48778	86
4529	9584	86
4528	19687	86
4522	485	86
4526	16088	86
4525	17283	86
4524	3657	86
4523	6878	86
4532	7212	86
4531	400	86
4538	39520	86
4533	14128	86
4534	14822	86
4535	17094	86
4536	13288	86
4537	12311	86
4539	10526	86
4540	50120	86
4541	880	86
4542	2796	86
4543	22379	86
4544	28948	86
4520	27275	86
4521	3769	86
4513	4660	86
4519	35761	86
4505	4394	86
4494	52724	86
4495	16714	86
4496	36412	86
4497	21394	86
4498	5119	86
4518	38554	86
4500	17295	86
4501	9721	86
4502	19052	86
4503	58806	86
4504	40425	86
4499	12533	86
4506	306	86
4512	66038	86
4507	42324	86
4517	6109	86
4516	6431	86
4514	33132	86
4515	39760	86
4511	7512	86
4510	26532	86
4509	3891	86
4508	18107	86
4579	8677	85
4584	8894	85
4583	29118	85
4582	50584	85
4581	49386	85
4580	41203	85
4574	43205	85
4578	15665	85
4577	36553	85
4576	4641	85
4575	59124	85
4586	2421	85
4585	7547	85
4572	23934	85
4587	23130	85
4588	5633	85
4589	3127	85
4590	7933	85
4591	26165	85
4592	16955	85
4593	5257	85
4594	13205	85
4595	35589	85
4596	739	85
4597	35099	85
4598	22954	85
4573	18453	85
4549	6857	85
4571	22841	85
4557	57201	85
4546	20018	85
4547	18253	85
4548	22962	85
4545	17676	85
4550	11396	85
4551	59413	85
4552	21625	85
4553	28722	85
4554	7248	85
4555	19714	85
4556	7585	85
4570	4872	85
4558	20731	85
4564	82404	85
4569	24393	85
4568	5162	85
4567	6757	85
4565	16433	85
4566	10489	85
4563	16212	85
4562	79676	85
4561	18859	85
4560	32989	85
4559	33722	85
4635	42310	84
4639	18371	84
4638	4158	84
4637	10553	84
4636	6103	84
4629	21718	84
4634	35154	84
4633	41520	84
4632	28997	84
4631	7046	84
4630	9882	84
4641	28503	84
4640	36385	84
4647	6992	84
4642	44252	84
4643	4773	84
4644	12247	84
4645	9879	84
4646	7593	84
4648	7329	84
4649	74704	84
4650	28389	84
4651	8712	84
4652	11284	84
4654	46686	84
4627	42891	84
4628	23581	84
4653	45278	84
4626	4757	84
4612	57882	84
4600	3376	84
4601	34476	84
4602	49729	84
4603	9534	84
4604	19793	84
4605	34606	84
4606	10592	84
4607	17347	84
4608	4577	84
4609	28032	84
4610	7028	84
4611	16265	84
4599	12441	84
4613	29104	84
4620	18171	84
4614	15183	84
4624	8045	84
4623	28888	84
4622	11985	84
4621	56556	84
4625	34887	84
4619	4421	84
4617	1594	84
4616	17539	84
4615	27525	84
4618	15878	84
4691	19018	83
4681	41260	83
4682	31239	83
4683	31046	83
4684	15448	83
4685	15338	83
4686	15896	83
4687	27594	83
4688	27769	83
4689	15378	83
4690	28447	83
4694	1289	83
4692	73310	83
4693	58	83
4695	15689	83
4696	2775	83
4697	10172	83
4699	26915	83
4700	22713	83
4701	24597	83
4702	7954	83
4703	16403	83
4679	15980	83
4698	49755	83
4680	18647	83
4678	30001	83
4665	12955	83
4677	36320	83
4655	26840	83
4656	22811	83
4657	16666	83
4658	35484	83
4660	10477	83
4661	10335	83
4662	17587	83
4663	6275	83
4664	10263	83
4659	17774	83
4666	6858	83
4672	41240	83
4676	2215	83
4667	13417	83
4675	1100	83
4674	10837	83
4673	10169	83
4671	5299	83
4670	38389	83
4669	76615	83
4668	18869	83
4747	23191	82
4742	29329	82
4746	36033	82
4745	64925	82
4744	87187	82
4743	8802	82
4737	72	82
4741	11045	82
4740	54623	82
4739	4621	82
4738	13989	82
4736	58533	82
4749	60319	82
4748	55241	82
4761	16620	82
4750	4297	82
4751	44946	82
4752	18167	82
4753	37841	82
4754	11038	82
4755	18161	82
4756	15661	82
4757	26158	82
4758	4318	82
4759	10504	82
4760	5520	82
4762	23330	82
4734	26448	82
4735	2650	82
4712	18367	82
4733	16689	82
4718	3883	82
4732	64895	82
4705	3656	82
4707	6015	82
4708	10455	82
4709	3478	82
4710	3759	82
4711	65403	82
4704	23018	82
4713	1720	82
4714	18674	82
4715	1321	82
4716	23587	82
4717	443	82
4706	26519	82
4719	12646	82
4726	2887	82
4720	35041	82
4731	51482	82
4729	1484	82
4728	38555	82
4727	65003	82
4730	3517	82
4725	2872267	82
4723	33057	82
4722	23010	82
4724	15890	82
4721	14600	82
4798	2670	81
4802	8651	81
4801	6013	81
4800	13240	81
4799	40261	81
4796	57419	81
4797	26638	81
4795	7465	81
4794	17402	81
4793	7985	81
4804	12156	81
4803	10168	81
4810	24368	81
4805	5617	81
4806	23057	81
4807	14798	81
4808	17372	81
4809	7157	81
4811	42124	81
4812	16033	81
4813	9098	81
4814	6788	81
4815	9583	81
4816	17588	81
4790	7470	81
4791	15922	81
4792	406348	81
4789	57315	81
4775	5915	81
4788	42827	81
4763	17533	81
4764	15260	81
4765	19912	81
4766	36134	81
4767	23106	81
4769	9840	81
4770	15738	81
4771	8726	81
4772	9501	81
4773	16131	81
4774	65460	81
4768	18135	81
4776	15892	81
4782	17701	81
4787	4271	81
4777	12394	81
4786	1470	81
4785	28343	81
4783	18490	81
4784	23879	81
4781	16119	81
4780	15692	81
4779	10366	81
4778	40725	81
4867	19779	80
4861	81466	80
4866	21583	80
4865	24392	80
4864	10053	80
4863	17768	80
4862	40947	80
4855	16299	80
4860	19409	80
4858	36389	80
4857	14212	80
4856	11111	80
4854	17822	80
4853	43489	80
4869	14721	80
4868	2700	80
4883	3201	80
4870	17289	80
4879	3603	80
4851	3919	80
4885	13591	80
4884	64544	80
4882	34589	80
4881	59626	80
4880	6012	80
4878	58242	80
4871	66178	80
4877	17725	80
4876	43708	80
4875	58662	80
4874	5866	80
4873	9861	80
4872	18684	80
4852	4040	80
4859	16059	80
4850	12772	80
4825	7666	80
4831	14292	80
4830	1692	80
4829	19620	80
4828	6294	80
4827	39842	80
4826	14097	80
4824	2867	80
4833	58124	80
4823	18077	80
4822	28638	80
4820	10403	80
4819	218	80
4818	18358	80
4849	30623	80
4832	65830	80
4821	22081	80
4834	28149	80
4843	11509	80
4835	9461	80
4848	42914	80
4847	13310	80
4845	16439	80
4844	6038	80
4817	34680	80
4846	27950	80
4842	2580	80
4840	8352	80
4839	18140	80
4838	33002	80
4837	10265	80
4841	45840	80
4836	44223	80
4921	4944	79
4926	43400	79
4925	17995	79
4924	3894	79
4923	231	79
4922	8446	79
4919	28647	79
4920	25473	79
4918	80215	79
4917	14575	79
4928	88748	79
4916	496	79
4927	92845	79
4937	7289	79
4929	35622	79
4930	35983	79
4931	16179	79
4932	24446	79
4933	5620	79
4934	9667	79
4935	35828	79
4938	42455	79
4939	20733	79
4940	3773	79
4941	5525	79
4914	18250	79
4915	3006	79
4936	3321	79
4913	37030	79
4898	27031	79
4912	32665	79
4887	8363	79
4888	35648	79
4890	27071	79
4891	3043	79
4886	13300	79
4892	15776	79
4893	36225	79
4894	18153	79
4895	33360	79
4896	38876	79
4897	3432	79
4889	18275	79
4899	36452	79
4906	6767	79
4900	27075	79
4910	14772	79
4911	10360	79
4908	40017	79
4907	47746	79
4909	25191	79
4905	25244	79
4904	636	79
4903	29741	79
4902	42264	79
4901	9543	79
4977	24600	78
4968	7424	78
4969	12155	78
4970	53271	78
4971	12143	78
4972	54213	78
4973	2659	78
4974	43259	78
4975	22053	78
4976	7590	78
4983	24979	78
4978	609	78
4979	17949	78
4980	81789	78
4981	7905	78
4982	17000	78
4984	17872	78
4985	20017	78
4986	28155	78
4987	5581	78
4965	17075	78
4966	120116	78
4967	32553	78
4964	27763	78
4952	21698	78
4963	12593	78
4942	13501	78
4943	41804	78
4944	18642	78
4946	1081	78
4947	36790	78
4948	16153	78
4949	15607	78
4950	8937	78
4951	10460	78
4945	15135	78
4953	20788	78
4959	12214	78
4962	25444	78
4954	91497	78
4961	4239	78
4960	18612	78
4958	35504	78
4957	6838	78
4956	35588	78
4955	7967	78
5035	75874	77
5029	31786	77
5034	13072	77
5033	10623	77
5032	21637	77
5031	28951	77
5030	28051	77
5025	16371	77
5028	7419	77
5027	14850	77
5026	15095	77
5024	10546	77
