	artist_id	count
0	107973	944
1	145158	725
2	9996	614
3	32131	606
4	51012	534
5	21478	514
6	62191	486
7	32421	455
8	24488	395
9	32422	393
10	93822	378
11	57395	370
12	5902	364
13	57344	364
14	65300	355
15	17076	352
16	21943	352
17	2195039	346
18	800598	339
19	44803	336
20	36812	329
21	116609	327
22	12304	324
23	42977	322
24	1546	318
25	48903	310
26	1719	308
27	35826	306
28	112984	306
29	15435	304
30	21596	304
31	1636580	304
32	2230	303
33	12399	299
34	5482	297
35	70248	294
36	61319	293
37	38211	292
38	78820	291
39	10633	291
40	22675	288
41	36919	288
42	36851	284
43	27102	284
44	56969	284
45	38353	283
46	156799	282
47	22747	281
48	8692	281
49	65197	280
50	37751	280
51	2872267	279
52	38865	278
53	45198	277
54	22065	277
55	42421	276
56	253	276
57	50351	273
58	5171	273
59	20603	272
60	117856	272
61	31786	271
62	20813	271
63	40298	271
64	52780	270
65	29957	270
66	2850	269
67	28611	268
68	12546	268
69	17041	268
70	16719	266
71	798235	266
72	34415	266
73	26143	266
74	21432	263
75	5705	259
76	13407	259
77	6388	258
78	20885	256
79	68311	256
80	53069	256
81	13196	255
82	104174	255
83	72	254
84	6820	254
85	17639	253
86	2884	253
87	7293	252
88	120628	252
89	22656	250
90	10032	250
91	28923	249
92	34193	248
93	57837	247
94	42832	247
95	43759	247
96	4670	246
97	22882	245
98	67814	244
99	138568	244
100	67761	243
101	26990	243
102	14680	243
103	1823527	243
104	63539	243
105	43763	243
106	73045	242
107	8631	241
108	7311	241
109	9519	240
110	12212	240
111	531	239
112	24597	239
113	64001	239
114	7853	239
115	4221	238
116	17897	237
117	8068	237
118	43760	237
119	42656	237
120	88922	236
121	27528	235
122	10849	235
123	116350	235
124	7033	235
125	48712	234
126	43411	234
127	33207	232
128	2256	232
129	24288	232
130	28626	232
131	20512	231
132	23747	231
133	44684	231
134	4686	230
135	17959	230
136	17591	229
137	24448	229
138	117938	228
139	18997	228
140	8772	228
141	10619	227
142	6357	227
143	16368	227
144	116396	227
145	42425	227
146	42827	227
147	6314	226
148	16968	225
149	6483	225
150	24590	225
151	17441	225
152	6765	224
153	19784	224
154	21132	224
155	24587	224
156	48721	224
157	922	224
158	2356735	223
159	9056	223
160	77469	223
161	18216	223
162	31342	223
163	9372	222
164	26805	222
165	10043	222
166	22765	222
167	24280	222
168	16012	221
169	166695	221
170	43578	221
171	38791	221
172	21093	220
173	36515	220
174	115067	220
175	44270	220
176	606	220
177	2970	219
178	49587	219
179	326278	219
180	14475	219
181	4071	218
182	60683	218
183	15526	218
184	17429	217
185	23286	217
186	95653	217
187	13235	217
188	11299	216
189	25077	216
190	13587	216
191	13307	216
192	37452	216
193	67417	216
194	8079	216
195	23915	215
196	2580	215
197	95561	214
198	948	214
199	80710	214
200	18106	214
201	14529	214
202	15491	213
203	4347	213
204	12561	213
205	43315	212
206	30798	212
207	68006	212
208	9407	212
209	38945	211
210	2493	211
211	32774	211
212	35865	211
213	82974	211
214	15153	211
215	3468	211
216	9091	211
217	35504	210
218	12642	210
219	49523	210
220	17484	209
221	17433	209
222	984	209
223	61945	209
224	58380	209
225	4599	208
226	36246	208
227	69166	208
228	29693	208
229	23709	208
230	22438	208
231	84395	208
232	31389	208
233	19132	208
234	52938	208
235	68939	208
236	17705	207
237	10291	207
238	2285	207
239	13179	207
240	17297	207
241	68338	207
242	11272	207
243	49133	207
244	35297	207
245	36764	206
246	79751	206
247	42833	205
248	119518	205
249	48702	205
250	29147	205
251	8698	205
252	10376	204
253	16500	204
254	16310	204
255	5475	204
256	65788	204
257	114671	204
258	18158	204
259	104470	204
260	41071	203
261	204524	203
262	7672	203
263	190890	203
264	30234	203
265	23035	203
266	14488	203
267	16177	202
268	13753	202
269	8284	202
270	4461	202
271	34831	202
272	17714	201
273	17995	201
274	8724	201
275	3891	201
276	17460	201
277	16919	201
278	187611	201
279	27277	200
280	17967	200
281	10991	199
282	48675	199
283	55405	199
284	17312	199
285	3375	199
286	60369	198
287	8994	198
288	28648	198
289	21422	198
290	12946	198
291	15216	198
292	6041	197
293	59345	197
294	20350	197
295	8498	197
296	44211	197
297	66842	197
298	20374	197
299	89496	197
300	42962	196
301	34502	196
302	66759	196
303	22734	196
304	5001	196
305	43268	195
306	28327	195
307	54955	195
308	18062	195
309	24462	195
310	18438	195
311	66760	195
312	39037	195
313	2872482	195
314	85327	194
315	5055	194
316	19261	194
317	15920	194
318	34053	194
319	3376	194
320	60820	194
321	45827	193
322	15118	193
323	31033	193
324	10353	193
325	9412	193
326	12711	193
327	15495	193
328	14574	192
329	7858	192
330	36358	192
331	8969	192
332	27770	191
333	28979	191
334	17304	191
335	3003	190
336	16570	190
337	50448	190
338	27790	190
339	28266	190
340	46755	190
341	9950	190
342	1289	190
343	10946	190
344	24229	189
345	36181	189
346	36178	189
347	17276	189
348	16618	189
349	11789	189
350	4626	189
351	17604	189
352	14239	189
353	29086	189
354	19502	189
355	3307	189
356	8529	189
357	15850	188
358	34320	188
359	11846	188
360	38817	188
361	17715	187
362	38374	187
363	42830	187
364	7958	187
365	6937	187
366	27071	187
367	38196	187
368	16118	187
369	18580	187
370	83135	187
371	11704	187
372	98157	187
373	25693	187
374	16145	187
375	17301	186
376	61638	186
377	20284	186
378	46020	186
379	91092	186
380	9962	185
381	32701	185
382	18832	185
383	2959	185
384	53552	185
385	17758	185
386	1153	185
387	20997	185
388	13679	185
389	17560	184
390	17494	184
391	10139	184
392	5552	184
393	15188	184
394	28724	184
395	38370	184
396	62075	184
397	10995	183
398	21064	183
399	12263	183
400	38369	183
401	37619	183
402	63551	183
403	10742	183
404	36728	183
405	107954	183
406	33726	183
407	22515	183
408	4379	182
409	1638444	182
410	4030	182
411	52739	182
412	18830	182
413	2775	182
414	31577	182
415	2482	182
416	67095	182
417	5898	182
418	60411	182
419	5820	182
420	19819	182
421	31547	182
422	16309	182
423	582	182
424	42837	182
425	49067	182
426	124673	182
427	21573	182
428	38696	181
429	58406	181
430	69470	181
431	57392	181
432	93453	181
433	33208	181
434	6878	180
435	19051	180
436	96234	180
437	20916	180
438	166568	180
439	32237	180
440	41419	180
441	110120	180
442	24600	180
443	51491	180
444	11766	180
445	323	180
446	3140	180
447	611496	180
448	4306	180
449	2872418	180
450	356	179
451	16305	179
452	19480	179
453	111283	179
454	35540	179
455	9685	179
456	17957	179
457	14777	179
458	684	179
459	48984	179
460	21738	179
461	17033	179
462	10892	178
463	44730	178
464	78165	178
465	7510	178
466	36553	178
467	118089	178
468	51905	178
469	5915	178
470	27784	178
471	18969	178
472	81752	177
473	30156	177
474	8532	177
475	9142	177
476	10915	177
477	5243	177
478	16991	177
479	4931	176
480	16209	176
481	1428	176
482	26866	176
483	31105	176
484	40981	175
485	187088	175
486	18353	175
487	7905	175
488	101944	175
489	42198	175
490	15463	175
491	18165	175
492	7603	175
493	22042	175
494	41187	175
495	18914	175
496	5022	174
497	21549	174
498	10805	174
499	18787	174
500	99013	174
501	6103	174
502	33003	174
503	741764	174
504	13497	174
505	27964	174
506	17723	174
507	2801	174
508	19209	174
509	9381	174
510	7606	174
511	17318	174
512	84353	174
513	48612	174
514	98517	174
515	5637	173
516	53078	173
517	4104	173
518	19116	173
519	23612	173
520	44925	173
521	16461	173
522	18154	173
523	21592	173
524	26559	172
525	53	172
526	19332	172
527	17735	172
528	27360	172
529	14072	172
530	52920	172
531	216107	172
532	6274	172
533	27134	172
534	27098	172
535	27744	172
536	22835	172
537	12499	172
538	10737	172
539	8955	172
540	8726	172
541	1914	171
542	18003	171
543	7521	171
544	17942	171
545	74233	171
546	20558	171
547	43292	171
548	28709	171
549	6858	171
550	73781	171
551	39209	171
552	22820	171
553	10680	171
554	28760	170
555	54011	170
556	18622	170
557	21560	170
558	22834	170
559	18149	170
560	9573	170
561	2966	170
562	20540	170
563	13460	170
564	54999	170
565	7192	170
566	15342	170
567	13573	169
568	30093	169
569	17925	169
570	48594	169
571	18497	169
572	9757	169
573	10295	169
574	96938	169
575	8366	169
576	55162	169
577	43400	169
578	54890	169
579	9538	169
580	17533	169
581	5303	168
582	71758	168
583	10073	168
584	5308	168
585	18116	168
586	6849	168
587	40685	168
588	42789	168
589	101905	168
590	10269	168
591	17785	168
592	7859	168
593	33296	168
594	18377	168
595	48778	167
596	28948	167
597	58086	167
598	11083	167
599	7167	167
600	52301	167
601	33559	167
602	63550	167
603	13571	167
604	51886	167
605	36266	167
606	29963	166
607	24503	166
608	20947	166
609	8778	166
610	10943	166
611	61141	166
612	16252	166
613	8306	166
614	71802	166
615	4016	166
616	10778	166
617	25636	166
618	16153	165
619	75275	165
620	48575	165
621	16643	165
622	36506	165
623	26149	165
624	190514	165
625	18404	165
626	9762	165
627	18179	165
628	9111	165
629	8503	164
630	16930	164
631	28553	164
632	8993	164
633	17036	164
634	65978	164
635	41458	164
636	23785	164
637	497	164
638	39714	163
639	12710	163
640	10431	163
641	43479	163
642	15975	163
643	8961	163
644	33058	163
645	16351	163
646	75389	163
647	49095	162
648	41229	162
649	12152	162
650	68118	162
651	39105	162
652	3810	162
653	64896	162
654	41172	161
655	20231	161
656	10758	161
657	18151	161
658	22439	161
659	25361	161
660	15361	161
661	55275	161
662	2938	161
663	11415	161
664	42764	161
665	5636	161
666	56317	161
667	43939	161
668	36790	161
669	15186	161
670	3919	161
671	3497	161
672	9811	161
673	18170	160
674	34228	160
675	16311	160
676	8429	160
677	4770	160
678	48391	160
679	1813	160
680	43610	159
681	53076	159
682	2035	159
683	29596	159
684	6755	159
685	4476	159
686	10885	159
687	41395	159
688	2033	159
689	47853	159
690	59274	159
691	43580	159
692	15149	159
693	18303	158
694	4800	158
695	2872268	158
696	12393	158
697	1194	158
698	6	158
699	34871	158
700	27745	158
701	5618	158
702	38657	158
703	50838	158
704	53879	158
705	11707	157
706	59122	157
707	9679	157
708	6102	157
709	8936	157
710	5752	157
711	19091	157
712	13027	157
713	35931	157
714	4294	157
715	60185	157
716	20516	157
717	39598	157
718	40246	157
719	20130	157
720	43261	157
721	3853	157
722	9502	157
723	8632	157
724	101365	156
725	10764	156
726	50881	156
727	44197	156
728	21053	156
729	17619	156
730	60089	156
731	16400	156
732	8533	156
733	17497	156
734	2639	156
735	13217	156
736	8437	156
737	43491	156
738	16448	156
739	26580	156
740	7605	156
741	107747	156
742	18153	156
743	18025	156
744	21476	156
745	12166	155
746	8282	155
747	14126	155
748	11952	155
749	42077	155
750	71516	155
751	9889	155
752	52797	155
753	4270	155
754	10058	155
755	81339	155
756	14038	155
757	35919	155
758	31399	155
759	17093	155
760	92862	155
761	20137	155
762	7983	155
763	4041	154
764	10992	154
765	35282	154
766	54957	154
767	79077	154
768	36306	154
769	348	154
770	24912	154
771	22060	154
772	18244	154
773	18083	154
774	18371	154
775	25038	153
776	24847	153
777	82575	153
778	17504	153
779	3874	153
780	19728	153
781	10257	153
782	21619	153
783	67774	153
784	7991	153
785	822	153
786	6233	153
787	18491	153
788	14575	153
789	13559	153
790	59703	152
791	65680	152
792	4417	152
793	51069	152
794	24659	152
795	71296	152
796	2503	152
797	117147	152
798	10078	152
799	8557	152
800	56930	152
801	2081	152
802	6754	152
803	5748	152
804	389	152
805	17912	151
806	36300	151
807	65850	151
808	12411	151
809	3472	151
810	58246	151
811	21799	151
812	62077	151
813	39038	151
814	88911	151
815	108025	151
816	52742	151
817	8683	151
818	53136	151
819	8188	151
820	4739	151
821	57385	151
822	18826	150
823	15260	150
824	67801	150
825	15595	150
826	9906	150
827	50678	150
828	1206	150
829	38342	150
830	4646	150
831	20684	150
832	73355	150
833	46471	150
834	2872691	150
835	41584	150
836	3478	150
837	794483	150
838	16622	150
839	17724	149
840	10743	149
841	35383	149
842	15717	149
843	27266	149
844	74363	149
845	13965	149
846	5407	149
847	6174	149
848	6758	149
849	27568	149
850	10377	149
851	878	149
852	1330	149
853	146205	149
854	12429	149
855	52031	149
856	2872526	149
857	65829	149
858	43051	148
859	45686	148
860	49728	148
861	36024	148
862	15797	148
863	43027	148
864	11992	148
865	67733	148
866	26801	148
867	1813264	148
868	12179	148
869	12549	148
870	10005	148
871	5024	148
872	29825	148
873	17795	148
874	3477	148
875	33997	148
876	15700	148
877	20129	148
878	8627	148
879	46821	148
880	50946	148
881	18481	148
882	1062	148
883	1441	148
884	26936	148
885	59284	148
886	29783	148
887	67059	148
888	2194177	148
889	17822	147
890	41324	147
891	39178	147
892	12012	147
893	16438	147
894	131025	147
895	925	147
896	4135	147
897	28331	147
898	20019	147
899	30613	147
900	20215	147
901	114457	147
902	11982	147
903	8107	147
904	8582	147
905	44255	147
906	7494	147
907	34548	147
908	43680	146
909	65812	146
910	14896	146
911	93035	146
912	81894	146
913	30243	146
914	58472	146
915	169309	146
916	52557	146
917	48576	146
918	8371	146
919	49203	146
920	17898	146
921	125573	146
922	26703	146
923	10370	146
924	26981	146
925	267539	146
926	39034	145
927	20336	145
928	4409	145
929	8986	145
930	28683	145
931	65403	145
932	12936	145
933	4380	145
934	8717	145
935	9050	145
936	22841	145
937	119265	145
938	16445	145
939	4195	145
940	77310	145
941	8614	145
942	31395	145
943	103312	145
944	15442	145
945	6743	145
946	7468	145
947	36532	145
948	16593	145
949	36141	145
950	34719	145
951	22585	145
952	54169	145
953	34507	145
954	5666	145
955	27637	145
956	10367	144
957	19956	144
958	38697	144
959	20447	144
960	31239	144
961	14471	144
962	51836	144
963	11540	144
964	27101	144
965	27245	144
966	28925	144
967	10335	144
968	7751	144
969	4042	144
970	20563	144
971	57323	144
972	13698	144
973	33711	144
974	9900	143
975	90951	143
976	45684	143
977	41226	143
978	4939	143
979	42769	143
980	23917	143
981	48412	143
982	108972	143
983	14653	143
984	54785	143
985	38545	143
986	45654	143
987	3884	143
988	69372	143
989	68390	143
990	724	143
991	17146	143
992	5168	143
993	8689	143
994	16809	143
995	20003	143
996	43927	143
997	26627	143
998	4158	143
999	2419	143
1000	154968	142
1001	80065	142
1002	35051	142
1003	25362	142
1004	6621	142
1005	50446	142
1006	1378	142
1007	459	142
1008	15915	142
1009	13256	142
1010	52263	142
1011	36001	142
1012	41223	142
1013	18477	142
1014	6551	142
1015	27766	141
1016	8677	141
1017	55408	141
1018	59627	141
1019	12576	141
1020	67005	141
1021	70908	141
1022	730	141
1023	75294	141
1024	1288	141
1025	2704	141
1026	8591	141
1027	10739	141
1028	8916	141
1029	56003	141
1030	17438	141
1031	93343	141
1032	10079	141
1033	8729	141
1034	44859	141
1035	7541	141
1036	1568	141
1037	15579	141
1038	41835	141
1039	57645	140
1040	13351	140
1041	20817	140
1042	45546	140
1043	3196	140
1044	7314	140
1045	95771	140
1046	17643	140
1047	72506	140
1048	25512	140
1049	44837	140
1050	10485	140
1051	15858	140
1052	55127	140
1053	38819	140
1054	28583	140
1055	51444	139
1056	27204	139
1057	32692	139
1058	38361	139
1059	55311	139
1060	294560	139
1061	42928	139
1062	81100	139
1063	108080	139
1064	37980	139
1065	27639	139
1066	14238	139
1067	99002	139
1068	21280	139
1069	58302	139
1070	26938	139
1071	3460	139
1072	39120	139
1073	38607	139
1074	11841	139
1075	800075	139
1076	11630	139
1077	25106	139
1078	4722	139
1079	66729	139
1080	53307	139
1081	43977	138
1082	53140	138
1083	46650	138
1084	51296	138
1085	37293	138
1086	9893	138
1087	14049	138
1088	71473	138
1089	4661	138
1090	50582	138
1091	2856	138
1092	106959	138
1093	28984	138
1094	115728	138
1095	13476	138
1096	72777	138
1097	2964	138
1098	10801	138
1099	47328	138
1100	32998	138
1101	53086	138
1102	40419	138
1103	178305	138
1104	9850	138
1105	17031	138
1106	26863	138
1107	13659	138
1108	536	138
1109	102747	138
1110	15099	138
1111	65488	138
1112	11832	138
1113	28850	138
1114	48648	138
1115	27916	138
1116	40383	138
1117	2618	138
1118	7647	138
1119	14240	137
1120	33751	137
1121	16508	137
1122	15672	137
1123	55047	137
1124	13189	137
1125	49244	137
1126	8780	137
1127	56693	137
1128	7402	137
1129	8266	137
1130	10905	137
1131	38268	137
1132	61192	137
1133	85582	137
1134	30493	137
1135	13433	137
1136	53464	137
1137	83378	137
1138	56772	137
1139	25366	137
1140	27303	137
1141	95333	137
1142	12208	137
1143	26018	137
1144	29516	137
1145	41195	137
1146	16902	137
1147	96744	137
1148	92411	137
1149	69648	137
1150	3345	137
1151	10568	137
1152	29055	137
1153	13544	137
1154	17701	136
1155	12147	136
1156	10001	136
1157	68937	136
1158	14553	136
1159	57968	136
1160	45145	136
1161	104401	136
1162	22024	136
1163	11052	136
1164	14766	136
1165	29041	136
1166	2054	136
1167	71029	136
1168	22088	136
1169	24393	136
1170	48233	136
1171	17283	136
1172	46664	136
1173	4012	136
1174	11409	136
1175	12221	136
1176	38875	136
1177	18157	136
1178	15684	136
1179	51292	136
1180	24231	136
1181	32747	136
1182	9526	135
1183	33964	135
1184	16226	135
1185	20792	135
1186	3029	135
1187	12669	135
1188	28329	135
1189	4802	135
1190	49975	135
1191	119626	135
1192	14747	135
1193	701059	135
1194	21496	135
1195	22729	135
1196	18660	135
1197	24876	135
1198	6000	135
1199	49616	135
1200	15240	135
1201	15245	135
1202	13861	135
1203	11639	135
1204	70995	135
1205	7502	135
1206	73092	135
1207	52492	135
1208	12409	135
1209	78995	134
1210	38580	134
1211	15678	134
1212	4479	134
1213	117419	134
1214	43311	134
1215	25458	134
1216	13967	134
1217	66766	134
1218	1081	134
1219	5565	134
1220	29070	134
1221	8820	134
1222	8227	134
1223	7630	134
1224	25126	134
1225	9853	134
1226	67672	134
1227	27542	134
1228	9753	134
1229	8954	134
1230	14058	134
1231	41390	134
1232	40844	134
1233	36413	134
1234	32524	134
1235	21585	134
1236	8978	134
1237	4658	134
1238	30417	134
1239	55107	134
1240	50464	134
1241	6150	134
1242	8545	134
1243	12882	134
1244	9524	133
1245	10553	133
1246	22093	133
1247	3759	133
1248	6555	133
1249	50923	133
1250	24000	133
1251	51482	133
1252	38547	133
1253	3081	133
1254	1881	133
1255	10071	133
1256	5058	133
1257	17646	133
1258	151	133
1259	9185	133
1260	41098	133
1261	86753	133
1262	2695	133
1263	7535	133
1264	55133	133
1265	31602	133
1266	31046	133
1267	16403	133
1268	10454	133
1269	3039	133
1270	15096	133
1271	36228	133
1272	21521	133
1273	16026	133
1274	3014	133
1275	50029	133
1276	40579	133
1277	23696	133
1278	22379	132
1279	12203	132
1280	59510	132
1281	19368	132
1282	15213	132
1283	4701	132
1284	72219	132
1285	880	132
1286	36587	132
1287	17510	132
1288	42878	132
1289	9316	132
1290	17244	132
1291	9782	132
1292	17645	132
1293	56650	132
1294	7824	132
1295	20403	132
1296	11791	132
1297	5178	132
1298	43720	132
1299	13321	132
1300	38722	132
1301	15625	132
1302	21156	132
1303	129888	132
1304	30978	132
1305	26038	132
1306	24892	132
1307	837	132
1308	970	131
1309	113659	131
1310	42819	131
1311	28503	131
1312	17681	131
1313	29842	131
1314	42743	131
1315	46728	131
1316	59628	131
1317	13128	131
1318	22389	131
1319	17823	131
1320	6125	131
1321	7953	131
1322	26832	131
1323	1655300	131
1324	14818	131
1325	4655	131
1326	43435	131
1327	2779	131
1328	16280	131
1329	12768	131
1330	18557	131
1331	1017	131
1332	13284	131
1333	15412	130
1334	10385	130
1335	8702	130
1336	26154	130
1337	5733	130
1338	45349	130
1339	9233	130
1340	17402	130
1341	109760	130
1342	21500	130
1343	19783	130
1344	30231	130
1345	36389	130
1346	36020	130
1347	67749	130
1348	25952	130
1349	73683	130
1350	88563	130
1351	68376	130
1352	8907	130
1353	7199	130
1354	16322	130
1355	52998	130
1356	17357	130
1357	1665	130
1358	15476	130
1359	44798	130
1360	51487	130
1361	15314	130
1362	27613	130
1363	7490	130
1364	21604	130
1365	5531	130
1366	18041	130
1367	7159	129
1368	30939	129
1369	15103	129
1370	9433	129
1371	15124	129
1372	22817	129
1373	68354	129
1374	10053	129
1375	10328	129
1376	3155	129
1377	10085	129
1378	6730	129
1379	8237	129
1380	8238	129
1381	75081	129
1382	36198	129
1383	42938	129
1384	16926	129
1385	33662	129
1386	55915	129
1387	40565	129
1388	61403	129
1389	12347	129
1390	43592	129
1391	1612	129
1392	97203	129
1393	10622	129
1394	122211	128
1395	62868	128
1396	9434	128
1397	16818	128
1398	51047	128
1399	10713	128
1400	18475	128
1401	52251	128
1402	2324	128
1403	6258	128
1404	2278	128
1405	150423	128
1406	44807	128
1407	13140	128
1408	15399	128
1409	3628	128
1410	14753	128
1411	1883	128
1412	11403	128
1413	59483	128
1414	16835	128
1415	5335	128
1416	9003	128
1417	16611	128
1418	23796	128
1419	39078	128
1420	31844	128
1421	27478	128
1422	18026	128
1423	10917	128
1424	24800	128
1425	14851	127
1426	49386	127
1427	76545	127
1428	16913	127
1429	17411	127
1430	23091	127
1431	43428	127
1432	4032	127
1433	69073	127
1434	9749	127
1435	40275	127
1436	28124	127
1437	32243	127
1438	13609	127
1439	26769	127
1440	23963	127
1441	58872	127
1442	16563	127
1443	15760	127
1444	12120	127
1445	12598	127
1446	54771	127
1447	13283	127
1448	10242	127
1449	38634	127
1450	25241	127
1451	12348	127
1452	18482	127
1453	13866	126
1454	43023	126
1455	50926	126
1456	25927	126
1457	43616	126
1458	52653	126
1459	4831	126
1460	21246	126
1461	9877	126
1462	7430	126
1463	15090	126
1464	21101	126
1465	61756	126
1466	41752	126
1467	48604	126
1468	78044	126
1469	10773	126
1470	4571	126
1471	56666	126
1472	97473	126
1473	52044	126
1474	9864	126
1475	20314	126
1476	5665	126
1477	6467	126
1478	12070	126
1479	15031	126
1480	15477	126
1481	55261	126
1482	71715	126
1483	28255	126
1484	28039	126
1485	26587	126
1486	6680	126
1487	13727	126
1488	12627	125
1489	48915	125
1490	7812	125
1491	66446	125
1492	42976	125
1493	39834	125
1494	53978	125
1495	30508	125
1496	28268	125
1497	3050	125
1498	30226	125
1499	46995	125
1500	2880074	125
1501	16377	125
1502	22830	125
1503	43371	125
1504	6866	125
1505	75139	125
1506	80355	125
1507	42937	125
1508	24148	125
1509	77715	125
1510	97189	125
1511	15703	125
1512	27057	125
1513	16884	125
1514	12132	125
1515	29003	125
1516	61689	125
1517	107025	125
1518	10369	125
1519	89143	125
1520	16109	125
1521	6876	125
1522	7303	125
1523	43275	124
1524	26637	124
1525	60057	124
1526	48525	124
1527	76148	124
1528	13595	124
1529	19481	124
1530	94560	124
1531	71474	124
1532	4049	124
1533	59660	124
1534	39720	124
1535	40698	124
1536	5455	124
1537	11907	124
1538	23581	124
1539	9774	124
1540	12209	124
1541	13100	124
1542	32912	124
1543	40359	124
1544	61880	124
1545	44799	124
1546	29771	124
1547	7879	124
1548	3193	124
1549	67671	124
1550	17525	124
1551	4034	124
1552	20020	124
1553	51062	124
1554	8006	124
1555	133	124
1556	8836	124
1557	51718	124
1558	2635	124
1559	17432	123
1560	7251	123
1561	65323	123
1562	8544	123
1563	76538	123
1564	26737	123
1565	29466	123
1566	13304	123
1567	38693	123
1568	56097	123
1569	15612	123
1570	51083	123
1571	103852	123
1572	14661	123
1573	87777	123
1574	7585	123
1575	17314	123
1576	92346	123
1577	17740	123
1578	36380	123
1579	25706	123
1580	52784	123
1581	28671	123
1582	52272	123
1583	11263	123
1584	5502	123
1585	12766	123
1586	19197	123
1587	26447	123
1588	5180	122
1589	11680	122
1590	16871	122
1591	33909	122
1592	91534	122
1593	9597	122
1594	4064	122
1595	1140946	122
1596	52203	122
1597	66008	122
1598	119284	122
1599	18437	122
1600	28749	122
1601	480	122
1602	46181	122
1603	7380	122
1604	43059	122
1605	48250	122
1606	15847	122
1607	26720	122
1608	755624	122
1609	16239	122
1610	50735	122
1611	15723	122
1612	26255	122
1613	13802	122
1614	15748	122
1615	8686	122
1616	5593	122
1617	10883	121
1618	22364	121
1619	33440	121
1620	61249	121
1621	187143	121
1622	27203	121
1623	8067	121
1624	75400	121
1625	20557	121
1626	858	121
1627	20700	121
1628	72195	121
1629	24984	121
1630	16808	121
1631	67707	121
1632	80357	121
1633	14251	121
1634	9975	121
1635	11288	121
1636	57322	121
1637	36191	121
1638	35369	121
1639	10092	121
1640	32546	121
1641	26525	121
1642	117205	121
1643	13777	121
1644	38613	121
1645	11404	121
1646	3797	121
1647	17274	121
1648	57906	120
1649	26673	120
1650	44786	120
1651	59676	120
1652	29395	120
1653	34281	120
1654	7198	120
1655	22044	120
1656	77189	120
1657	69370	120
1658	89841	120
1659	16179	120
1660	46070	120
1661	61421	120
1662	92065	120
1663	683	120
1664	67094	120
1665	28822	120
1666	44756	120
1667	26158	120
1668	6197	120
1669	759549	120
1670	19680	120
1671	63216	120
1672	654	120
1673	9881	120
1674	11275	120
1675	30822	120
1676	7940	120
1677	15339	120
1678	77287	120
1679	1788	120
1680	16709	120
1681	53468	120
1682	6493	120
1683	16393	120
1684	50925	120
1685	120965	120
1686	99573	119
1687	55176	119
1688	15197	119
1689	41203	119
1690	6575	119
1691	18869	119
1692	95606	119
1693	100014	119
1694	22581	119
1695	370	119
1696	45340	119
1697	43340	119
1698	8355	119
1699	54025	119
1700	16974	119
1701	70858	119
1702	4806	119
1703	99921	119
1704	95356	119
1705	38389	119
1706	1451	119
1707	48441	119
1708	9289	119
1709	32693	119
1710	189969	119
1711	10888	119
1712	6682	119
1713	86200	119
1714	46727	119
1715	4622	119
1716	1878	119
1717	19206	119
1718	134944	119
1719	56399	119
1720	29037	119
1721	55302	119
1722	10864	119
1723	21518	119
1724	6073	119
1725	77521	119
1726	27556	118
1727	4411	118
1728	56541	118
1729	18236	118
1730	46731	118
1731	12765	118
1732	42239	118
1733	67008	118
1734	35295	118
1735	33438	118
1736	109401	118
1737	29568	118
1738	17849	118
1739	7831	118
1740	10621	118
1741	93769	118
1742	25969	118
1743	57880	118
1744	16797	118
1745	13337	118
1746	14797	118
1747	20554	118
1748	16151	118
1749	7877	118
1750	81504	118
1751	11280	118
1752	3420	118
1753	49706	118
1754	36437	118
1755	3607	118
1756	98291	118
1757	13118	118
1758	66465	117
1759	16662	117
1760	18098	117
1761	24907	117
1762	3032	117
1763	14696	117
1764	89587	117
1765	7843	117
1766	21301	117
1767	2175	117
1768	45164	117
1769	18854	117
1770	16536	117
1771	21133	117
1772	16123	117
1773	26541	117
1774	70686	117
1775	6830	117
1776	84327	117
1777	53756	117
1778	32408	117
1779	59413	117
1780	27641	117
1781	108157	117
1782	156715	117
1783	50290	117
1784	20745	117
1785	2953	117
1786	32224	117
1787	16513	117
1788	28492	117
1789	3006	117
1790	42449	117
1791	18670	117
1792	13661	117
1793	16424	117
1794	5798	117
1795	4674	117
1796	9059	116
1797	335	116
1798	16229	116
1799	2947255	116
1800	35518	116
1801	4805	116
1802	88196	116
1803	28533	116
1804	17447	116
1805	7136	116
1806	48833	116
1807	11652	116
1808	17839	116
1809	36156	116
1810	52367	116
1811	7037	116
1812	16299	116
1813	4128	116
1814	103308	116
1815	12792	116
1816	1888	116
1817	15378	116
1818	16259	116
1819	45208	116
1820	25692	116
1821	88993	116
1822	67105	116
1823	61723	116
1824	12935	116
1825	26897	116
1826	12534	116
1827	30182	116
1828	31906	116
1829	73018	116
1830	18699	116
1831	18827	116
1832	40344	116
1833	13454	116
1834	5628	116
1835	60316	116
1836	88479	116
1837	48124	116
1838	6961	116
1839	104650	115
1840	15057	115
1841	4013	115
1842	26949	115
1843	18398	115
1844	16768	115
1845	36412	115
1846	6191	115
1847	90155	115
1848	13876	115
1849	46688	115
1850	80005	115
1851	93764	115
1852	125078	115
1853	40957	115
1854	2740	115
1855	5200	115
1856	30975	115
1857	20418	115
1858	15083	115
1859	31155	115
1860	7029	115
1861	13545	115
1862	54973	115
1863	24311	115
1864	13177	115
1865	43271	115
1866	31006	115
1867	6012	115
1868	80168	115
1869	56336	115
1870	27783	115
1871	4906	115
1872	1544	115
1873	39150	115
1874	12958	115
1875	110875	115
1876	9533	115
1877	55689	115
1878	12104	115
1879	276195	115
1880	7544	115
1881	38024	115
1882	65823	115
1883	2661	115
1884	9213	115
1885	30147	114
1886	28079	114
1887	103956	114
1888	57565	114
1889	49275	114
1890	50645	114
1891	74725	114
1892	59562	114
1893	24589	114
1894	28548	114
1895	17409	114
1896	9501	114
1897	85662	114
1898	57436	114
1899	27152	114
1900	23928	114
1901	29695	114
1902	180971	114
1903	48281	114
1904	20737	114
1905	147956	114
1906	53913	114
1907	54170	114
1908	48611	114
1909	10833	114
1910	8733	114
1911	30057	114
1912	44878	114
1913	43287	114
1914	81964	114
1915	328	114
1916	113729	114
1917	65247	114
1918	5837	114
1919	95445	114
1920	25150	114
1921	16804	114
1922	32067	114
1923	48136	114
1924	202490	114
1925	22478	114
1926	17654	114
1927	14522	114
1928	13898	114
1929	2617	114
1930	123939	114
1931	34875	113
1932	14649	113
1933	22341	113
1934	14802	113
1935	850	113
1936	36402	113
1937	72521	113
1938	6380	113
1939	35992	113
1940	1720	113
1941	30151	113
1942	39386	113
1943	71779	113
1944	14799	113
1945	15560	113
1946	14842	113
1947	46677	113
1948	16343	113
1949	23	113
1950	44834	113
1951	147734	113
1952	12784	113
1953	18939	113
1954	9151	113
1955	188493	113
1956	17446	113
1957	21584	113
1958	54623	113
1959	7493	113
1960	38852	113
1961	29221	113
1962	5981	113
1963	43893	113
1964	6800	113
1965	2875	113
1966	52081	113
1967	5739	113
1968	21996	113
1969	47349	113
1970	15215	113
1971	27353	112
1972	42199	112
1973	1472	112
1974	15815	112
1975	32989	112
1976	39396	112
1977	922116	112
1978	15131	112
1979	17327	112
1980	57061	112
1981	60392	112
1982	20227	112
1983	21554	112
1984	65958	112
1985	6460	112
1986	16019	112
1987	33674	112
1988	98682	112
1989	10117	112
1990	12532	112
1991	15194	112
1992	36395	112
1993	10865	112
1994	36452	112
1995	40611	112
1996	18395	112
1997	47389	112
1998	17520	112
1999	1399	112
2000	31868	112
2001	24900	112
2002	194353	112
2003	8552	112
2004	36179	112
2005	41046	112
2006	2114	112
2007	11847	112
2008	12592	112
2009	7449	112
2010	33087	112
2011	23351	112
2012	52587	112
2013	1583	112
2014	17766	111
2015	14861	111
2016	18213	111
2017	7548	111
2018	41803	111
2019	11049	111
2020	72735	111
2021	27090	111
2022	35776	111
2023	48039	111
2024	89291	111
2025	14721	111
2026	48658	111
2027	38155	111
2028	41998	111
2029	64544	111
2030	8699	111
2031	173	111
2032	35441	111
2033	4705	111
2034	42340	111
2035	25980	111
2036	13029	111
2037	3411	111
2038	79086	111
2039	40096	111
2040	1372	111
2041	22054	111
2042	27434	111
2043	100430	111
2044	187876	111
2045	16535	111
2046	109485	111
2047	3123	111
2048	10513	111
2049	6558	111
2050	133159	111
2051	20035	111
2052	38705	111
2053	7591	111
2054	73128	111
2055	9177	111
2056	21503	111
2057	26846	111
2058	29823	111
2059	9479	110
2060	22804	110
2061	16270	110
2062	12138	110
2063	65	110
2064	34314	110
2065	20497	110
2066	46665	110
2067	40612	110
2068	18028	110
2069	34060	110
2070	4897	110
2071	27166	110
2072	89247	110
2073	12547	110
2074	48618	110
2075	21718	110
2076	8027	110
2077	111378	110
2078	15211	110
2079	15039	110
2080	128170	110
2081	83749	110
2082	20286	110
2083	69218	110
2084	49322	110
2085	20856	110
2086	27810	110
2087	12484	110
2088	103321	110
2089	1548	110
2090	15611	110
2091	21118	110
2092	10688	110
2093	49916	110
2094	50480	110
2095	50470	110
2096	6913	110
2097	42944	110
2098	68092	110
2099	13890	110
2100	33132	110
2101	38818	110
2102	10942	110
2103	7157	110
2104	3870	110
2105	21148	110
2106	18512	110
2107	58444	110
2108	16099	109
2109	12893	109
2110	28595	109
2111	40908	109
2112	34491	109
2113	7444	109
2114	27879	109
2115	1042	109
2116	84599	109
2117	78288	109
2118	5206	109
2119	16191	109
2120	2058	109
2121	4274	109
2122	44900	109
2123	8537	109
2124	13523	109
2125	3005	109
2126	91931	109
2127	57641	109
2128	24277	109
2129	33524	109
2130	27103	109
2131	11384	109
2132	5746	109
2133	11749	109
2134	9106	109
2135	6953	109
2136	30485	109
2137	11661	109
2138	42963	109
2139	16696	109
2140	22794	109
2141	23789	109
2142	38735	109
2143	27695	109
2144	32130	109
2145	28353	109
2146	51018	109
2147	32785	109
2148	17712	109
2149	20122	109
2150	17826	109
2151	19818	109
2152	3680	109
2153	157062	109
2154	1533	109
2155	17994	109
2156	103805	109
2157	33261	109
2158	39470	109
2159	83300	109
2160	80012	109
2161	6761	109
2162	11520	109
2163	107081	108
2164	61770	108
2165	16688	108
2166	22995	108
2167	119131	108
2168	5972	108
2169	48083	108
2170	62275	108
2171	85573	108
2172	98085	108
2173	12412	108
2174	95866	108
2175	65573	108
2176	39706	108
2177	78880	108
2178	83822	108
2179	19204	108
2180	16037	108
2181	13069	108
2182	11044	108
2183	40873	108
2184	13336	108
2185	54954	108
2186	10756	108
2187	7878	108
2188	2572	108
2189	38042	108
2190	3594	108
2191	40764	108
2192	4228	108
2193	100396	108
2194	16147	108
2195	105074	108
2196	10665	108
2197	30989	108
2198	34973	108
2199	24480	108
2200	73100	108
2201	31301	108
2202	13536	108
2203	12708	108
2204	56726	108
2205	26661	108
2206	39643	107
2207	59287	107
2208	20580	107
2209	38895	107
2210	51827	107
2211	10768	107
2212	41457	107
2213	723	107
2214	35741	107
2215	49109	107
2216	4067	107
2217	121	107
2218	5452	107
2219	44252	107
2220	25513	107
2221	42081	107
2222	27891	107
2223	27268	107
2224	8589	107
2225	38201	107
2226	50585	107
2227	7821	107
2228	10718	107
2229	2686	107
2230	30472	107
2231	22209	107
2232	21030	107
2233	113111	107
2234	151962	107
2235	87272	107
2236	45299	107
2237	50281	107
2238	98889	107
2239	4084	107
2240	29108	107
2241	46687	107
2242	32719	107
2243	67570	107
2244	14103	107
2245	3758	107
2246	46403	107
2247	17569	107
2248	16139	107
2249	17974	107
2250	17592	107
2251	8538	107
2252	71783	107
2253	9822	107
2254	793092	107
2255	53052	106
2256	33382	106
2257	24509	106
2258	4737	106
2259	41829	106
2260	15937	106
2261	2766	106
2262	62727	106
2263	35198	106
2264	37344	106
2265	19613	106
2266	17458	106
2267	22638	106
2268	18817	106
2269	52958	106
2270	12638	106
2271	46459	106
2272	9530	106
2273	4291	106
2274	36548	106
2275	15504	106
2276	38146	106
2277	14804	106
2278	3313	106
2279	49952	106
2280	7931	106
2281	108747	106
2282	49661	106
2283	62156	106
2284	17426	106
2285	6431	106
2286	9509	106
2287	66346	106
2288	3070	106
2289	51983	106
2290	24626	106
2291	16651	106
2292	6836	106
2293	35749	106
2294	12892	106
2295	53921	106
2296	35756	106
2297	54026	106
2298	25611	106
2299	31501	106
2300	447	106
2301	3898	106
2302	50624	106
2303	5588	106
2304	4215	106
2305	10063	106
2306	16631	106
2307	57463	106
2308	6935	106
2309	9476	106
2310	39155	106
2311	21501	106
2312	20038	105
2313	19673	105
2314	12655	105
2315	42277	105
2316	17722	105
2317	55273	105
2318	17761	105
2319	16604	105
2320	19668	105
2321	512	105
2322	95465	105
2323	9435	105
2324	30063	105
2325	69880	105
2326	48724	105
2327	9589	105
2328	47785	105
2329	36338	105
2330	40675	105
2331	5500	105
2332	74087	105
2333	3459	105
2334	27062	105
2335	9700	105
2336	7783	105
2337	15602	105
2338	4702	105
2339	93122	105
2340	28380	105
2341	65512	105
2342	34817	105
2343	30611	105
2344	30729	105
2345	27499	105
2346	6933	105
2347	65682	105
2348	10412	105
2349	24328	105
2350	17530	105
2351	7173	105
2352	63276	105
2353	4160	105
2354	24616	105
2355	71534	105
2356	2882	105
2357	8333	105
2358	7077	105
2359	13242	105
2360	56320	105
2361	3859	105
2362	19420	105
2363	14225	105
2364	6269	105
2365	27508	105
2366	34695	105
2367	17597	105
2368	133129	104
2369	8704	104
2370	15105	104
2371	38651	104
2372	59634	104
2373	15035	104
2374	8941	104
2375	46612	104
2376	14906	104
2377	8697	104
2378	5266	104
2379	85459	104
2380	25720	104
2381	764852	104
2382	4245	104
2383	101263	104
2384	19943	104
2385	24724	104
2386	14514	104
2387	25570	104
2388	14629	104
2389	20094	104
2390	15052	104
2391	17704	104
2392	48469	104
2393	28305	104
2394	10881	104
2395	11307	104
2396	26039	104
2397	613	104
2398	40492	104
2399	103943	104
2400	46392	104
2401	11221	104
2402	8721	104
2403	2115	104
2404	26195	104
2405	9562	104
2406	12371	104
2407	93516	104
2408	15493	104
2409	32948	104
2410	17456	104
2411	68381	104
2412	18745	104
2413	17485	104
2414	8967	104
2415	20233	104
2416	38612	104
2417	16251	104
2418	4565	104
2419	235	104
2420	12658	104
2421	58209	104
2422	23567	104
2423	22399	103
2424	23117	103
2425	60774	103
2426	13982	103
2427	15862	103
2428	36177	103
2429	30524	103
2430	4981	103
2431	15394	103
2432	75718	103
2433	19200	103
2434	39742	103
2435	9015	103
2436	52789	103
2437	27280	103
2438	25317	103
2439	59255	103
2440	7542	103
2441	54009	103
2442	13575	103
2443	37676	103
2444	12716	103
2445	24379	103
2446	25476	103
2447	93367	103
2448	5725	103
2449	29082	103
2450	119541	103
2451	35569	103
2452	1570	103
2453	13531	103
2454	50028	103
2455	46223	103
2456	12142	103
2457	28416	103
2458	99997	103
2459	15453	103
2460	17648	103
2461	89900	103
2462	10056	103
2463	13878	103
2464	27595	103
2465	30622	103
2466	36302	103
2467	71529	103
2468	133531	103
2469	26586	103
2470	32715	103
2471	15831	103
2472	18360	102
2473	6574	102
2474	112210	102
2475	45437	102
2476	30207	102
2477	83186	102
2478	1764	102
2479	4014	102
2480	8655	102
2481	3833	102
2482	3378	102
2483	36153	102
2484	17490	102
2485	41520	102
2486	51058	102
2487	38447	102
2488	27075	102
2489	6271	102
2490	1280	102
2491	72523	102
2492	4018	102
2493	14958	102
2494	15665	102
2495	27864	102
2496	36126	102
2497	17911	102
2498	107984	102
2499	12311	102
2500	59709	102
2501	45221	102
2502	21231	102
2503	8026	102
2504	29264	102
2505	12336	102
2506	48783	102
2507	19325	102
2508	8728	102
2509	26183	102
2510	49945	102
2511	57069	102
2512	26885	102
2513	992	102
2514	38998	102
2515	51345	102
2516	51611	102
2517	18690	102
2518	18674	102
2519	14711	102
2520	36193	102
2521	1259	102
2522	7433	102
2523	115551	102
2524	56313	102
2525	4999	102
2526	111622	102
2527	22643	102
2528	85291	101
2529	9386	101
2530	12196	101
2531	25774	101
2532	5919	101
2533	39477	101
2534	66804	101
2535	5246	101
2536	15184	101
2537	48787	101
2538	13452	101
2539	35626	101
2540	42257	101
2541	21466	101
2542	33096	101
2543	46461	101
2544	4116	101
2545	103141	101
2546	15699	101
2547	39841	101
2548	50765	101
2549	54279	101
2550	23642	101
2551	17303	101
2552	29945	101
2553	3034	101
2554	1556	101
2555	30369	101
2556	347554	101
2557	789781	101
2558	8354	101
2559	56201	101
2560	48998	101
2561	28906	101
2562	67727	101
2563	15964	101
2564	68901	101
2565	43481	101
2566	623375	101
2567	42111	101
2568	17614	101
2569	49511	101
2570	10735	101
2571	132892	101
2572	24819	101
2573	68626	101
2574	5750	101
2575	37160	101
2576	13035	101
2577	2229	101
2578	21528	101
2579	27473	101
2580	45806	101
2581	5169	101
2582	38354	101
2583	19457	101
2584	20781	101
2585	8693	101
2586	85693	101
2587	2292	101
2588	30824	101
2589	4545	100
2590	38795	100
2591	125824	100
2592	82189	100
2593	43063	100
2594	19273	100
2595	16036	100
2596	20487	100
2597	11518	100
2598	5931	100
2599	20690	100
2600	41861	100
2601	22280	100
2602	13340	100
2603	199223	100
2604	6046	100
2605	33061	100
2606	27785	100
2607	73054	100
2608	60855	100
2609	6827	100
2610	18903	100
2611	3344	100
2612	3648	100
2613	52018	100
2614	8454	100
2615	7685	100
2616	39807	100
2617	18828	100
2618	18064	100
2619	33809	100
2620	21525	100
2621	21345	100
2622	15366	100
2623	15674	100
2624	45263	100
2625	44495	100
2626	15610	100
2627	22741	100
2628	101390	100
2629	24533	100
2630	19196	100
2631	17092	100
2632	6654	100
2633	6428	100
2634	36690	100
2635	56749	100
2636	59226	100
2637	19131	100
2638	85881	100
2639	64334	100
2640	34466	100
2641	103800	100
2642	18100	100
2643	14018	100
2644	31376	100
2645	43608	100
2646	50772	100
2647	7322	100
2648	17364	100
2649	8784	100
2650	19650	100
2651	21091	100
2652	17106	100
2653	12389	100
2654	21550	100
2655	35948	100
2656	6797	99
2657	11215	99
2658	60303	99
2659	797	99
2660	3597	99
2661	4633	99
2662	29033	99
2663	58454	99
2664	74470	99
2665	39319	99
2666	74834	99
2667	6022	99
2668	1391	99
2669	19321	99
2670	39153	99
2671	11396	99
2672	79470	99
2673	51334	99
2674	50861	99
2675	43019	99
2676	34982	99
2677	104173	99
2678	134859	99
2679	16248	99
2680	10641	99
2681	22202	99
2682	65670	99
2683	23135	99
2684	65807	99
2685	99948	99
2686	14254	99
2687	4977	99
2688	66566	99
2689	8352	99
2690	41398	99
2691	51715	99
2692	2734	99
2693	303813	99
2694	12836	99
2695	28555	99
2696	14032	99
2697	5656	99
2698	52308	99
2699	19021	99
2700	102757	99
2701	3883	99
2702	2919	99
2703	54007	99
2704	52253	99
2705	74267	99
2706	18750	99
2707	8650	99
2708	9489	99
2709	20204	99
2710	15172	99
2711	20708	99
2712	71548	99
2713	55490	99
2714	9976	99
2715	10125	99
2716	42734	99
2717	67055	99
2718	8929	99
2719	34223	99
2720	9657	99
2721	55240	99
2722	8042	99
2723	28428	99
2724	50177	99
2725	15581	99
2726	12593	99
2727	21993	99
2728	6893	99
2729	157584	99
2730	22987	99
2731	35154	99
2732	36176	98
2733	86698	98
2734	16942	98
2735	72357	98
2736	20585	98
2737	18478	98
2738	8803	98
2739	28539	98
2740	60486	98
2741	46092	98
2742	8022	98
2743	51638	98
2744	2666	98
2745	23683	98
2746	24082	98
2747	10757	98
2748	8539	98
2749	30972	98
2750	52879	98
2751	108271	98
2752	36120	98
2753	7041	98
2754	24611	98
2755	33716	98
2756	27767	98
2757	10771	98
2758	89444	98
2759	17512	98
2760	17132	98
2761	60418	98
2762	66173	98
2763	90050	98
2764	12714	98
2765	12219	98
2766	100417	98
2767	42799	98
2768	51469	98
2769	18532	98
2770	12772	98
2771	22081	98
2772	46321	98
2773	56931	98
2774	13743	98
2775	100388	98
2776	22011	98
2777	35352	98
2778	7240	98
2779	17861	98
2780	35073	98
2781	46548	98
2782	12511	98
2783	36143	98
2784	91945	98
2785	44938	98
2786	51255	98
2787	13547	98
2788	68848	98
2789	15544	98
2790	26732	98
2791	18233	98
2792	93224	98
2793	76540	97
2794	311	97
2795	20351	97
2796	39755	97
2797	27309	97
2798	33066	97
2799	34727	97
2800	46528	97
2801	36236	97
2802	27060	97
2803	68619	97
2804	309958	97
2805	42621	97
2806	5566	97
2807	18254	97
2808	61136	97
2809	27672	97
2810	27288	97
2811	8579	97
2812	16702	97
2813	120565	97
2814	28300	97
2815	40062	97
2816	55185	97
2817	35376	97
2818	68253	97
2819	12834	97
2820	41394	97
2821	16475	97
2822	114693	97
2823	37339	97
2824	98254	97
2825	10042	97
2826	24812	97
2827	51019	97
2828	140666	97
2829	122634	97
2830	26908	97
2831	93316	97
2832	4903	97
2833	79753	97
2834	29148	97
2835	7254	97
2836	4773	97
2837	24506	97
2838	14820	97
2839	100419	97
2840	4292	97
2841	2960	97
2842	68756	97
2843	56155	97
2844	44582	97
2845	14142	97
2846	26028	97
2847	794169	97
2848	68	97
2849	7736	97
2850	27264	97
2851	8457	97
2852	15704	97
2853	35593	97
2854	35977	96
2855	20457	96
2856	4660	96
2857	58606	96
2858	8356	96
2859	32896	96
2860	77578	96
2861	41213	96
2862	58782	96
2863	1584	96
2864	43728	96
2865	47658	96
2866	22774	96
2867	22049	96
2868	20731	96
2869	54830	96
2870	58017	96
2871	40883	96
2872	18993	96
2873	39064	96
2874	18677	96
2875	39070	96
2876	3993	96
2877	34356	96
2878	42893	96
2879	13392	96
2880	40749	96
2881	16157	96
2882	29411	96
2883	3150	96
2884	59263	96
2885	24577	96
2886	53451	96
2887	26489	96
2888	22891	96
2889	36000	96
2890	78324	96
2891	30984	96
2892	13030	96
2893	19670	96
2894	13394	96
2895	972	96
2896	6981	96
2897	14684	96
2898	48323	96
2899	309	96
2900	18037	96
2901	10189	96
2902	15179	96
2903	34824	96
2904	17864	96
2905	40781	96
2906	39087	96
2907	4612	96
2908	18046	96
2909	18889	96
2910	42325	96
2911	19962	96
2912	74413	96
2913	59349	96
2914	16714	96
2915	92644	96
2916	36963	96
2917	24438	96
2918	11248	96
2919	9631	96
2920	75679	96
2921	13817	95
2922	61585	95
2923	6757	95
2924	26444	95
2925	10434	95
2926	55189	95
2927	117858	95
2928	18156	95
2929	126918	95
2930	17956	95
2931	12072	95
2932	14151	95
2933	12328	95
2934	74934	95
2935	3777	95
2936	24428	95
2937	17428	95
2938	22534	95
2939	67732	95
2940	117855	95
2941	29056	95
2942	14056	95
2943	51515	95
2944	39041	95
2945	38878	95
2946	5462	95
2947	16267	95
2948	48997	95
2949	55012	95
2950	20526	95
2951	17768	95
2952	15396	95
2953	81286	95
2954	18575	95
2955	39814	95
2956	8918	95
2957	46669	95
2958	115018	95
2959	50888	95
2960	8593	95
2961	9335	95
2962	3546	95
2963	50553	95
2964	15333	95
2965	456613	95
2966	77807	95
2967	86063	95
2968	7759	95
2969	20252	95
2970	34183	95
2971	169753	95
2972	17896	95
2973	4371	95
2974	61667	94
2975	1329	94
2976	48918	94
2977	34531	94
2978	17663	94
2979	32218	94
2980	10489	94
2981	6777	94
2982	154014	94
2983	59698	94
2984	49442	94
2985	17418	94
2986	17152	94
2987	98285	94
2988	100087	94
2989	11983	94
2990	1637773	94
2991	58389	94
2992	26499	94
2993	124340	94
2994	53045	94
2995	34917	94
2996	48585	94
2997	52972	94
2998	69287	94
2999	134257	94
3000	16685	94
3001	202484	94
3002	45891	94
3003	7156	94
3004	20794	94
3005	32154	94
3006	4895	94
3007	2834	94
3008	5731	94
3009	4374	94
3010	21597	94
3011	10767	94
3012	15697	94
3013	34947	94
3014	49124	94
3015	10216	94
3016	8050	94
3017	14211	94
3018	95026	94
3019	32823	94
3020	45640	94
3021	11422	94
3022	8321	94
3023	5185	94
3024	15066	94
3025	9898	94
3026	52310	94
3027	69367	94
3028	29078	94
3029	171499	94
3030	9839	94
3031	26035	94
3032	9887	94
3033	13676	94
3034	3001	94
3035	29310	94
3036	3906	94
3037	4232	94
3038	17261	94
3039	45404	94
3040	81340	94
3041	14089	94
3042	26553	94
3043	59304	94
3044	15981	94
3045	28637	94
3046	12964	94
3047	138708	94
3048	18988	94
3049	71339	93
3050	8887	93
3051	18051	93
3052	17988	93
3053	17024	93
3054	230776	93
3055	4801	93
3056	43348	93
3057	29558	93
3058	55673	93
3059	45029	93
3060	41318	93
3061	320492	93
3062	2725	93
3063	58707	93
3064	3052	93
3065	18705	93
3066	6239	93
3067	67709	93
3068	8031	93
3069	10936	93
3070	52900	93
3071	20093	93
3072	35656	93
3073	26173	93
3074	45040	93
3075	39097	93
3076	396	93
3077	10145	93
3078	57347	93
3079	49901	93
3080	4251	93
3081	10953	93
3082	47161	93
3083	32542	93
3084	7576	93
3085	40724	93
3086	27828	93
3087	28384	93
3088	7578	93
3089	11767	93
3090	10468	93
3091	9611	93
3092	6662	93
3093	21543	93
3094	20933	93
3095	9414	93
3096	52209	93
3097	51717	93
3098	16836	93
3099	34728	93
3100	9239	93
3101	15762	93
3102	11005	93
3103	3255	93
3104	9978	93
3105	21688	93
3106	18337	93
3107	4246	93
3108	17466	93
3109	176	93
3110	55294	93
3111	33314	93
3112	15370	93
3113	11954	92
3114	154790	92
3115	5530	92
3116	35949	92
3117	10652	92
3118	103911	92
3119	58180	92
3120	52307	92
3121	100378	92
3122	17445	92
3123	47833	92
3124	17306	92
3125	25770	92
3126	7928	92
3127	73907	92
3128	338	92
3129	18140	92
3130	103437	92
3131	11236	92
3132	2877	92
3133	54706	92
3134	57175	92
3135	51619	92
3136	67728	92
3137	6860	92
3138	31059	92
3139	52086	92
3140	27863	92
3141	14675	92
3142	93270	92
3143	2215	92
3144	21429	92
3145	75080	92
3146	134750	92
3147	21577	92
3148	27474	92
3149	83102	92
3150	30640	92
3151	5224	92
3152	599898	92
3153	181062	92
3154	39288	92
3155	73015	92
3156	26726	92
3157	142208	92
3158	66154	92
3159	8193	92
3160	73740	92
3161	3799	92
3162	4436	92
3163	57280	92
3164	42643	92
3165	53877	92
3166	1073	92
3167	6556	92
3168	20370	92
3169	49251	92
3170	755584	92
3171	54963	92
3172	10981	92
3173	28861	92
3174	112229	92
3175	128322	92
3176	50831	92
3177	88280	92
3178	44956	92
3179	394841	92
3180	2870	92
3181	36408	92
3182	64332	92
3183	13749	92
3184	37531	92
3185	121157	92
3186	2662	92
3187	3602	92
3188	83656	92
3189	69308	92
3190	27151	92
3191	8875	92
3192	7030	92
3193	26971	92
3194	39171	92
3195	5252	91
3196	24983	91
3197	32885	91
3198	3952	91
3199	29255	91
3200	21909	91
3201	14856	91
3202	117441	91
3203	74926	91
3204	13445	91
3205	30237	91
3206	40022	91
3207	12801	91
3208	35494	91
3209	10315	91
3210	8451	91
3211	31120	91
3212	34750	91
3213	649348	91
3214	10774	91
3215	93426	91
3216	9180	91
3217	91993	91
3218	56341	91
3219	26984	91
3220	42663	91
3221	5846	91
3222	5223	91
3223	12363	91
3224	112762	91
3225	8140	91
3226	13944	91
3227	121645	91
3228	59251	91
3229	13926	91
3230	37390	91
3231	106513	91
3232	4632	91
3233	64950	91
3234	17518	91
3235	39378	91
3236	692636	91
3237	38957	91
3238	5581	91
3239	10696	91
3240	10903	91
3241	18578	91
3242	231651	91
3243	21750	91
3244	39744	91
3245	51228	91
3246	27065	91
3247	17376	91
3248	4123	91
3249	2614	91
3250	4664	91
3251	1893	91
3252	18711	91
3253	37117	91
3254	17067	91
3255	56773	91
3256	42235	91
3257	3448	91
3258	41787	91
3259	34105	91
3260	3643	91
3261	100354	91
3262	103272	91
3263	17207	91
3264	23564	91
3265	34485	91
3266	5501	91
3267	2090	91
3268	27454	91
3269	33732	90
3270	73210	90
3271	30235	90
3272	36513	90
3273	35663	90
3274	42766	90
3275	8860	90
3276	36013	90
3277	364809	90
3278	54265	90
3279	6206	90
3280	38305	90
3281	8000	90
3282	83454	90
3283	17345	90
3284	21817	90
3285	42974	90
3286	9022	90
3287	9934	90
3288	133300	90
3289	44856	90
3290	25365	90
3291	3317	90
3292	22646	90
3293	2649	90
3294	36074	90
3295	83221	90
3296	8713	90
3297	54207	90
3298	11078	90
3299	21522	90
3300	23593	90
3301	31904	90
3302	47387	90
3303	71222	90
3304	27903	90
3305	14941	90
3306	42978	90
3307	17853	90
3308	39878	90
3309	42563	90
3310	9633	90
3311	12310	90
3312	44852	90
3313	14293	90
3314	150016	90
3315	7846	90
3316	29154	90
3317	7986	90
3318	31067	90
3319	52980	90
3320	8781	90
3321	19861	90
3322	132023	90
3323	55221	90
3324	16181	90
3325	14740	90
3326	6785	90
3327	55576	90
3328	7599	90
3329	121965	90
3330	6839	90
3331	26759	90
3332	83477	90
3333	18326	90
3334	38498	90
3335	6381	90
3336	71229	90
3337	79931	90
3338	39734	90
3339	19337	90
3340	8682	90
3341	14729	90
3342	13088	90
3343	4850	90
3344	21997	90
3345	18767	90
3346	5299	89
3347	4386	89
3348	15193	89
3349	218	89
3350	38324	89
3351	28149	89
3352	62644	89
3353	16408	89
3354	12266	89
3355	8939	89
3356	50955	89
3357	36381	89
3358	18090	89
3359	57986	89
3360	15875	89
3361	56848	89
3362	25924	89
3363	30372	89
3364	18956	89
3365	11486	89
3366	36731	89
3367	17917	89
3368	5244	89
3369	1305	89
3370	14752	89
3371	91384	89
3372	15979	89
3373	13635	89
3374	20064	89
3375	86724	89
3376	11112	89
3377	160494	89
3378	15863	89
3379	45726	89
3380	16058	89
3381	38928	89
3382	130512	89
3383	32737	89
3384	117319	89
3385	45672	89
3386	84002	89
3387	27774	89
3388	11659	89
3389	14034	89
3390	39733	89
3391	101903	89
3392	58242	89
3393	8163	89
3394	116141	89
3395	25865	89
3396	2283	89
3397	27782	89
3398	9879	89
3399	6296	89
3400	26635	89
3401	8449	89
3402	42487	89
3403	6148	89
3404	17290	89
3405	8249	89
3406	110259	89
3407	16090	89
3408	27697	89
3409	82736	89
3410	83568	89
3411	46670	89
3412	10123	89
3413	18621	89
3414	15922	89
3415	10552	89
3416	62002	89
3417	7550	89
3418	58257	89
3419	40043	89
3420	47567	89
3421	13668	89
3422	5518	89
3423	130353	89
3424	17449	89
3425	36504	89
3426	166785	89
3427	31160	88
3428	23734	88
3429	6331	88
3430	12967	88
3431	21616	88
3432	88410	88
3433	104356	88
3434	23679	88
3435	831	88
3436	23533	88
3437	35615	88
3438	27213	88
3439	116470	88
3440	18367	88
3441	19271	88
3442	17631	88
3443	42426	88
3444	69018	88
3445	50897	88
3446	40203	88
3447	96512	88
3448	10816	88
3449	9168	88
3450	11592	88
3451	53917	88
3452	302	88
3453	79803	88
3454	604493	88
3455	29209	88
3456	41927	88
3457	18238	88
3458	104166	88
3459	97289	88
3460	24208	88
3461	1988	88
3462	57995	88
3463	86488	88
3464	22521	88
3465	38198	88
3466	7807	88
3467	2216	88
3468	17568	88
3469	15129	88
3470	17642	88
3471	14866	88
3472	44209	88
3473	47843	88
3474	4415	88
3475	15	88
3476	41497	88
3477	75138	88
3478	15218	88
3479	17061	88
3480	17317	88
3481	43316	88
3482	54260	88
3483	80687	88
3484	15993	88
3485	22154	88
3486	20578	88
3487	18642	88
3488	27506	88
3489	313	88
3490	59639	88
3491	74057	88
3492	29929	88
3493	40880	88
3494	61874	88
3495	3873	88
3496	408	88
3497	6162	87
3498	106990	87
3499	29301	87
3500	115377	87
3501	43768	87
3502	53510	87
3503	18726	87
3504	73631	87
3505	13973	87
3506	16817	87
3507	6348	87
3508	10702	87
3509	12027	87
3510	8032	87
3511	15337	87
3512	91287	87
3513	34453	87
3514	50287	87
3515	53459	87
3516	144797	87
3517	42724	87
3518	91590	87
3519	95488	87
3520	19733	87
3521	44866	87
3522	5123	87
3523	31351	87
3524	72929	87
3525	15666	87
3526	32724	87
3527	28319	87
3528	138500	87
3529	47597	87
3530	103834	87
3531	5639	87
3532	103991	87
3533	14407	87
3534	36751	87
3535	23218	87
3536	3858	87
3537	22434	87
3538	4640	87
3539	50903	87
3540	9616	87
3541	17754	87
3542	40969	87
3543	109213	87
3544	54959	87
3545	42762	87
3546	107723	87
3547	10766	87
3548	73077	87
3549	3414	87
3550	8264	87
3551	8915	87
3552	20622	87
3553	19327	87
3554	64295	87
3555	2935	87
3556	70017	87
3557	27055	87
3558	13443	87
3559	83855	87
3560	30958	87
3561	1279	87
3562	59791	87
3563	71795	87
3564	20871	87
3565	42124	87
3566	31269	87
3567	5269	87
3568	15087	87
3569	83594	87
3570	26	87
3571	34946	87
3572	44958	87
3573	66057	87
3574	167078	87
3575	10635	87
3576	108032	87
3577	5831	87
3578	5103	87
3579	29917	87
3580	154840	87
3581	42165	86
3582	20940	86
3583	171620	86
3584	14120	86
3585	5524	86
3586	20893	86
3587	9607	86
3588	15411	86
3589	15457	86
3590	77328	86
3591	98342	86
3592	1781	86
3593	28120	86
3594	44983	86
3595	15849	86
3596	22045	86
3597	49173	86
3598	51409	86
3599	31793	86
3600	68941	86
3601	35661	86
3602	190346	86
3603	10634	86
3604	17877	86
3605	43128	86
3606	15752	86
3607	66849	86
3608	34106	86
3609	114448	86
3610	30799	86
3611	845	86
3612	75773	86
3613	397	86
3614	55011	86
3615	101904	86
3616	66432	86
3617	8135	86
3618	50459	86
3619	47241	86
3620	5352	86
3621	66206	86
3622	5257	86
3623	55582	86
3624	113058	86
3625	29404	86
3626	44889	86
3627	34478	86
3628	27944	86
3629	135320	86
3630	28070	86
3631	20993	86
3632	35075	86
3633	28397	86
3634	93042	86
3635	409811	86
3636	16819	86
3637	108908	86
3638	29181	86
3639	49409	86
3640	50978	86
3641	13028	86
3642	146467	86
3643	5093	86
3644	35574	86
3645	27123	86
3646	116571	86
3647	164210	86
3648	431	86
3649	64269	86
3650	7182	86
3651	83660	86
3652	18092	86
3653	2083	86
3654	187664	86
3655	161936	86
3656	28862	86
3657	55943	86
3658	14318	86
3659	20800	86
3660	8519	86
3661	14483	86
3662	43105	85
3663	48147	85
3664	11148	85
3665	48393	85
3666	4283	85
3667	26996	85
3668	23215	85
3669	12497	85
3670	48385	85
3671	44957	85
3672	30400	85
3673	8315	85
3674	19053	85
3675	32064	85
3676	4625	85
3677	26845	85
3678	65238	85
3679	44670	85
3680	43109	85
3681	6164	85
3682	144938	85
3683	36509	85
3684	9882	85
3685	6237	85
3686	117861	85
3687	10026	85
3688	181813	85
3689	65328	85
3690	45034	85
3691	28259	85
3692	9365	85
3693	7382	85
3694	5894	85
3695	66191	85
3696	96728	85
3697	44766	85
3698	46416	85
3699	11019	85
3700	72192	85
3701	6400	85
3702	21131	85
3703	158	85
3704	68943	85
3705	7210	85
3706	24877	85
3707	106397	85
3708	69178	85
3709	45030	85
3710	13218	85
3711	50320	85
3712	13908	85
3713	67118	85
3714	9121	85
3715	18252	85
3716	13907	85
3717	21960	85
3718	13018	85
3719	83746	85
3720	46753	85
3721	16891	85
3722	112607	85
3723	43957	85
3724	52619	85
3725	95351	85
3726	17126	85
3727	32178	85
3728	42829	85
3729	26975	85
3730	21998	85
3731	3321	85
3732	13549	85
3733	2612	84
3734	35449	84
3735	12343	84
3736	39212	84
3737	2625	84
3738	12764	84
3739	17771	84
3740	28736	84
3741	38839	84
3742	34236	84
3743	34684	84
3744	28997	84
3745	17948	84
3746	16410	84
3747	5426	84
3748	47513	84
3749	39747	84
3750	96879	84
3751	27688	84
3752	69155	84
3753	92845	84
3754	120236	84
3755	18024	84
3756	36318	84
3757	89474	84
3758	20950	84
3759	33428	84
3760	22529	84
3761	15269	84
3762	35345	84
3763	5431	84
3764	9623	84
3765	28021	84
3766	28723	84
3767	17881	84
3768	20017	84
3769	24459	84
3770	13714	84
3771	71614	84
3772	47738	84
3773	23981	84
3774	33755	84
3775	16496	84
3776	202776	84
3777	59371	84
3778	16192	84
3779	49364	84
3780	21194	84
3781	9398	84
3782	1691	84
3783	66756	84
3784	5415	84
3785	20751	84
3786	42784	84
3787	14993	84
3788	86836	84
3789	29396	84
3790	18731	84
3791	36485	84
3792	772722	84
3793	29410	84
3794	44801	84
3795	115350	84
3796	104624	84
3797	19141	84
3798	22179	84
3799	119582	84
3800	61177	84
3801	42153	84
3802	7121	84
3803	17375	84
3804	50116	83
3805	12334	83
3806	27927	83
3807	66764	83
3808	27773	83
3809	14877	83
3810	22035	83
3811	24976	83
3812	24260	83
3813	9624	83
3814	60938	83
3815	4263	83
3816	15471	83
3817	65537	83
3818	15387	83
3819	21810	83
3820	2904	83
3821	65782	83
3822	15390	83
3823	1663	83
3824	3469	83
3825	42713	83
3826	29658	83
3827	14927	83
3828	3964	83
3829	10837	83
3830	6010	83
3831	18500	83
3832	23411	83
3833	150334	83
3834	30521	83
3835	328742	83
3836	74582	83
3837	13913	83
3838	41935	83
3839	215062	83
3840	51057	83
3841	64612	83
3842	118414	83
3843	70998	83
3844	34897	83
3845	72456	83
3846	5983	83
3847	11933	83
3848	44797	83
3849	57216	83
3850	62452	83
3851	7223	83
3852	17978	83
3853	2746	83
3854	29514	83
3855	26165	83
3856	60769	83
3857	48244	83
3858	47144	83
3859	5493	83
3860	72369	83
3861	3612	83
3862	40436	83
3863	30664	83
3864	12799	83
3865	41158	83
3866	21451	83
3867	16853	83
3868	9219	83
3869	98172	83
3870	48303	83
3871	8636	83
3872	36324	83
3873	44457	83
3874	61222	82
3875	7072	82
3876	40514	82
3877	97611	82
3878	27438	82
3879	18658	82
3880	5004	82
3881	110587	82
3882	4421	82
3883	5267	82
3884	82630	82
3885	7425	82
3886	20043	82
3887	13205	82
3888	29035	82
3889	17011	82
3890	11169	82
3891	2873588	82
3892	39084	82
3893	288	82
3894	34533	82
3895	37020	82
3896	30155	82
3897	25890	82
3898	9216	82
3899	93109	82
3900	82437	82
3901	25329	82
3902	49554	82
3903	32875	82
3904	36700	82
3905	9468	82
3906	20451	82
3907	4105	82
3908	43065	82
3909	34076	82
3910	117334	82
3911	32223	82
3912	35627	82
3913	3983	82
3914	66053	82
3915	851	82
3916	16265	82
3917	49980	82
3918	62298	82
3919	16369	82
3920	53164	82
3921	22862	82
3922	18453	82
3923	45944	82
3924	5484	82
3925	45815	82
3926	12611	82
3927	41804	82
3928	48440	82
3929	30445	82
3930	12461	82
3931	3591	82
3932	16805	82
3933	7602	82
3934	55211	82
3935	48206	82
3936	16125	82
3937	52858	82
3938	19743	82
3939	1051	82
3940	98867	82
3941	53412	82
3942	86065	82
3943	34582	82
3944	50886	82
3945	55299	82
3946	23146	82
3947	7509	82
3948	108144	82
3949	2551	82
3950	13087	82
3951	16666	82
3952	52809	82
3953	6147	82
3954	18229	82
3955	1464	82
3956	32777	82
3957	51149	82
3958	11111	82
3959	77733	82
3960	4755	82
3961	3656	81
3962	13176	81
3963	28727	81
3964	66979	81
3965	41196	81
3966	6838	81
3967	3984	81
3968	114496	81
3969	42437	81
3970	15375	81
3971	16718	81
3972	48221	81
3973	4282	81
3974	146996	81
3975	4036	81
3976	182794	81
3977	55387	81
3978	13053	81
3979	65863	81
3980	73407	81
3981	4037	81
3982	21336	81
3983	21582	81
3984	18379	81
3985	17212	81
3986	9909	81
3987	16056	81
3988	38911	81
3989	133120	81
3990	138016	81
3991	10185	81
3992	69495	81
3993	89523	81
3994	90615	81
3995	48790	81
3996	35543	81
3997	98518	81
3998	45319	81
3999	24285	81
4000	16357	81
4001	8394	81
4002	30912	81
4003	26448	81
4004	50880	81
4005	20593	81
4006	60852	81
4007	7207	81
4008	10162	81
4009	88649	81
4010	21410	81
4011	104548	81
4012	37377	81
4013	72705	81
4014	33779	81
4015	15276	81
4016	19207	81
4017	87188	81
4018	98107	81
4019	15807	81
4020	21593	81
4021	20445	81
4022	9717	81
4023	131719	81
4024	69953	81
4025	8246	81
4026	124038	81
4027	40425	81
4028	47333	81
4029	66575	81
4030	20517	81
4031	27237	81
4032	32296	81
4033	4900	81
4034	66991	81
4035	61139	81
4036	28606	81
4037	227175	81
4038	35487	81
4039	2848	81
4040	43593	81
4041	17489	81
4042	85957	81
4043	80018	81
4044	114029	81
4045	30474	81
4046	37657	81
4047	172598	81
4048	4043	80
4049	4229	80
4050	26987	80
4051	16585	80
4052	35394	80
4053	13270	80
4054	21296	80
4055	119623	80
4056	24446	80
4057	18574	80
4058	93986	80
4059	97707	80
4060	15100	80
4061	18664	80
4062	3613	80
4063	52286	80
4064	20484	80
4065	24543	80
4066	53010	80
4067	47322	80
4068	39305	80
4069	34275	80
4070	17644	80
4071	54979	80
4072	14059	80
4073	44279	80
4074	5538	80
4075	15782	80
4076	24363	80
4077	103323	80
4078	27139	80
4079	452986	80
4080	74438	80
4081	4597	80
4082	35016	80
4083	10667	80
4084	116534	80
4085	17406	80
4086	12807	80
4087	11028	80
4088	69878	80
4089	17439	80
4090	16578	80
4091	14787	80
4092	6405	80
4093	35828	80
4094	3654	80
4095	7860	80
4096	32440	80
4097	112948	80
4098	153913	80
4099	10502	80
4100	22402	80
4101	13055	80
4102	2244	80
4103	60451	80
4104	10623	80
4105	9678	80
4106	172692	80
4107	39314	80
4108	23742	80
4109	10631	80
4110	26175	80
4111	48259	80
4112	9602	80
4113	29127	80
4114	97318	80
4115	91883	80
4116	32762	80
4117	54325	80
4118	13240	80
4119	138670	80
4120	40501	80
4121	18221	80
4122	69193	80
4123	25752	80
4124	10890	80
4125	73022	80
4126	48468	80
4127	13143	80
4128	18287	80
4129	2872279	80
4130	17708	80
4131	17039	80
4132	13134	80
4133	48429	80
4134	69706	80
4135	45006	80
4136	23389	80
4137	65627	80
4138	39257	80
4139	15004	80
4140	65165	80
4141	15201	80
4142	9053	80
4143	41225	80
4144	18556	80
4145	89204	80
4146	15722	79
4147	38271	79
4148	76615	79
4149	82265	79
4150	10037	79
4151	14014	79
4152	147771	79
4153	7498	79
4154	3536	79
4155	36166	79
4156	15929	79
4157	5097	79
4158	4349	79
4159	96595	79
4160	4351	79
4161	15032	79
4162	151670	79
4163	21745	79
4164	705	79
4165	20285	79
4166	10499	79
4167	94047	79
4168	35193	79
4169	59417	79
4170	19817	79
4171	20621	79
4172	13909	79
4173	2917	79
4174	209	79
4175	80351	79
4176	63157	79
4177	47391	79
4178	12651	79
4179	9777	79
4180	11615	79
4181	7242	79
4182	78052	79
4183	31215	79
4184	80992	79
4185	17358	79
4186	16989	79
4187	67420	79
4188	8938	79
4189	4662	79
4190	24481	79
4191	26798	79
4192	24576	79
4193	55307	79
4194	83761	79
4195	5158	79
4196	103322	79
4197	2885320	79
4198	17711	79
4199	35	79
4200	7956	79
4201	18406	79
4202	33801	79
4203	44508	79
4204	60857	79
4205	23507	79
4206	3809	79
4207	11081	79
4208	53161	79
4209	103088	79
4210	35351	79
4211	86053	79
4212	8412	79
4213	1227	79
4214	11088	79
4215	77517	79
4216	117790	79
4217	135893	79
4218	81101	79
4219	27066	79
4220	49131	79
4221	49016	79
4222	10201	79
4223	20542	79
4224	36142	79
4225	24562	79
4226	15307	79
4227	5023	79
4228	179086	79
4229	796859	79
4230	15997	79
4231	3527	79
4232	4499	79
4233	51514	79
4234	49650	79
4235	69647	79
4236	7407	79
4237	28510	79
4238	22840	79
4239	7970	79
4240	9194	79
4241	39858	79
4242	15744	79
4243	31437	79
4244	4022	79
4245	4184	79
4246	30836	79
4247	15174	79
4248	39762	79
4249	19119	79
4250	178593	79
4251	13652	79
4252	79864	79
4253	68918	78
4254	35724	78
4255	16715	78
4256	44802	78
4257	90127	78
4258	32207	78
4259	35506	78
4260	65383	78
4261	9237	78
4262	189507	78
4263	30689	78
4264	99949	78
4265	62478	78
4266	34476	78
4267	2749	78
4268	5938	78
4269	8514	78
4270	38204	78
4271	27282	78
4272	4026	78
4273	72670	78
4274	486593	78
4275	60368	78
4276	47354	78
4277	48011	78
4278	16057	78
4279	38793	78
4280	32755	78
4281	135285	78
4282	10857	78
4283	30623	78
4284	859	78
4285	9308	78
4286	33902	78
4287	8169	78
4288	54867	78
4289	69028	78
4290	267	78
4291	150411	78
4292	9463	78
4293	1028	78
4294	22498	78
4295	12075	78
4296	3785	78
4297	26943	78
4298	11757	78
4299	32560	78
4300	18544	78
4301	15107	78
4302	27907	78
4303	35616	78
4304	62054	78
4305	106249	78
4306	78478	78
4307	20277	78
4308	103024	78
4309	48635	78
4310	75788	78
4311	26432	78
4312	38805	78
4313	39001	78
4314	5888	78
4315	3233	78
4316	121558	78
4317	11035	78
4318	14916	78
4319	40473	78
4320	17710	78
4321	18701	78
4322	3808	78
4323	15076	78
4324	31785	78
4325	12937	78
4326	58274	78
4327	43496	78
4328	120639	78
4329	29640	78
4330	27047	78
4331	6009	78
4332	2538	78
4333	97743	78
4334	42669	78
4335	6401	78
4336	17430	78
4337	99978	78
4338	95929	78
4339	9707	78
4340	21387	77
4341	32792	77
4342	67834	77
4343	863	77
4344	28441	77
4345	14023	77
4346	9143	77
4347	8343	77
4348	42529	77
4349	48876	77
4350	41083	77
4351	5563	77
4352	248838	77
4353	14129	77
4354	12434	77
4355	4663	77
4356	4318	77
4357	790	77
4358	184828	77
4359	91299	77
4360	101015	77
4361	41313	77
4362	10937	77
4363	4015	77
4364	67343	77
4365	17618	77
4366	3002	77
4367	10855	77
4368	42514	77
4369	13331	77
4370	1601	77
4371	9913	77
4372	30348	77
4373	28691	77
4374	17919	77
4375	16946	77
4376	10670	77
4377	19664	77
4378	17226	77
4379	153640	77
4380	25152	77
4381	31815	77
4382	44210	77
4383	60957	77
4384	74349	77
4385	104983	77
4386	10851	77
4387	58947	77
4388	38880	77
4389	45278	77
4390	5866	77
4391	32159	77
4392	27602	77
4393	18910	77
4394	7282	77
4395	77504	77
4396	15569	77
4397	246372	77
4398	311860	77
4399	31457	77
4400	30803	77
4401	74711	77
4402	6321	77
4403	788606	77
4404	51148	77
4405	10741	77
4406	6950	77
4407	2451	77
4408	36260	77
4409	21262	77
4410	5667	77
4411	43879	77
4412	34874	77
4413	275311	77
4414	15689	77
4415	130592	77
4416	13262	77
4417	28309	77
4418	1314	77
4419	17907	77
4420	49648	77
4421	11672	77
4422	13411	77
4423	37615	77
4424	3060	77
4425	50466	77
4426	23614	77
4427	3901	77
4428	11648	77
4429	83372	77
4430	39238	77
4431	4533	77
4432	8317	77
4433	87874	77
4434	183779	77
4435	10636	77
4436	7660	77
4437	32712	77
4438	49899	77
4439	3944	77
4440	47413	77
4441	5906	77
4442	35607	76
4443	123931	76
4444	109126	76
4445	4414	76
4446	52242	76
4447	65533	76
4448	34872	76
4449	4133	76
4450	40933	76
4451	27775	76
4452	35571	76
4453	31126	76
4454	17851	76
4455	88686	76
4456	36809	76
4457	92146	76
4458	1975	76
4459	39534	76
4460	1844	76
4461	42770	76
4462	38614	76
4463	82642	76
4464	21941	76
4465	29215	76
4466	55588	76
4467	3529	76
4468	34520	76
4469	10386	76
4470	9727	76
4471	17243	76
4472	19345	76
4473	17296	76
4474	10695	76
4475	82368	76
4476	21107	76
4477	15389	76
4478	13504	76
4479	14590	76
4480	51747	76
4481	36662	76
4482	13804	76
4483	15518	76
4484	25191	76
4485	21143	76
4486	3815	76
4487	55006	76
4488	73020	76
4489	3449	76
4490	39274	76
4491	573	76
4492	99744	76
4493	25265	76
4494	38796	76
4495	7611	76
4496	4277	76
4497	5522	76
4498	28841	76
4499	1189	76
4500	41276	76
4501	24314	76
4502	144935	76
4503	48038	76
4504	105773	76
4505	30479	76
4506	2736	76
4507	4315	76
4508	14093	76
4509	44179	76
4510	46382	76
4511	36174	76
4512	59241	76
4513	7911	76
4514	19719	76
4515	4280	76
4516	15448	76
4517	11522	76
4518	9517	76
4519	56582	76
4520	54213	76
4521	67107	76
4522	13912	76
4523	92968	76
4524	66175	76
4525	52915	76
4526	92444	76
4527	8633	76
4528	101251	76
4529	84609	76
4530	93218	76
4531	21182	76
4532	38397	76
4533	36119	76
4534	525318	76
4535	15724	76
4536	140637	75
4537	181035	75
4538	28535	75
4539	195680	75
4540	42908	75
4541	2511	75
4542	35648	75
4543	95625	75
4544	44939	75
4545	22806	75
4546	31919	75
4547	42372	75
4548	2961	75
4549	72104	75
4550	20114	75
4551	75886	75
4552	7913	75
4553	5789	75
4554	24116	75
4555	3791	75
4556	60395	75
4557	230840	75
4558	14518	75
4559	172182	75
4560	192792	75
4561	68623	75
4562	1410	75
4563	43582	75
4564	24569	75
4565	50912	75
4566	146253	75
4567	50725	75
4568	60361	75
4569	69902	75
4570	10436	75
4571	34254	75
4572	16642	75
4573	52287	75
4574	37407	75
4575	67585	75
4576	31440	75
4577	65671	75
4578	103194	75
4579	20030	75
4580	6862	75
4581	16529	75
4582	42995	75
4583	2226	75
4584	45914	75
4585	20000	75
4586	7832	75
4587	29706	75
4588	38811	75
4589	34427	75
4590	58838	75
4591	21086	75
4592	37250	75
4593	22040	75
4594	17208	75
4595	18675	75
4596	7580	75
4597	70540	75
4598	140009	75
4599	11149	75
4600	176886	75
4601	44863	75
4602	88360	75
4603	34768	75
4604	161127	75
4605	4225	75
4606	2607	75
4607	250909	75
4608	4124	75
4609	11268	75
4610	12466	75
4611	32768	75
4612	7174	75
4613	16172	75
4614	39114	75
4615	5120	75
4616	115396	75
4617	9830	75
4618	90165	75
4619	15966	75
4620	42405	75
4621	8492	75
4622	64299	75
4623	32754	75
4624	38950	75
4625	30516	75
4626	5660	75
4627	11026	75
4628	48983	75
4629	12646	75
4630	7185	75
4631	28287	75
4632	5892	75
4633	16119	75
4634	16652	75
4635	27793	75
4636	50854	75
4637	9840	75
4638	101885	75
4639	41789	75
4640	130362	75
4641	23899	75
4642	42759	75
4643	18608	75
4644	46553	75
4645	59633	75
4646	13165	75
4647	21446	75
4648	3474	75
4649	35047	75
4650	65809	75
4651	13305	74
4652	28072	74
4653	34780	74
4654	73116	74
4655	42771	74
4656	17682	74
4657	46648	74
4658	55000	74
4659	2756	74
4660	64925	74
4661	38528	74
4662	4040	74
4663	35361	74
4664	20014	74
4665	15343	74
4666	2903846	74
4667	39817	74
4668	11126	74
4669	138497	74
4670	35781	74
4671	58558	74
4672	15424	74
4673	42381	74
4674	186416	74
4675	32866	74
4676	54204	74
4677	54613	74
4678	44519	74
4679	2872780	74
4680	342136	74
4681	17491	74
4682	7954	74
4683	133451	74
4684	26716	74
4685	56803	74
4686	13375	74
4687	106928	74
4688	2086	74
4689	60120	74
4690	34721	74
4691	3323	74
4692	126203	74
4693	35513	74
4694	19149	74
4695	46747	74
4696	19717	74
4697	58588	74
4698	16657	74
4699	91543	74
4700	7828	74
4701	11671	74
4702	17030	74
4703	4868	74
4704	5301	74
4705	42550	74
4706	50481	74
4707	10380	74
4708	16115	74
4709	8542	74
4710	97174	74
4711	2864	74
4712	58308	74
4713	14048	74
4714	59063	74
4715	8181	74
4716	18605	74
4717	7865	74
4718	20287	74
4719	36639	74
4720	10980	74
4721	11489	74
4722	22313	74
4723	50458	74
4724	35705	74
4725	11130	74
4726	45671	74
4727	30159	74
4728	30281	74
4729	23777	74
4730	8065	74
4731	6938	74
4732	27829	74
4733	71590	74
4734	82523	74
4735	5060	74
4736	104871	74
4737	112314	74
4738	20672	74
4739	36192	74
4740	611	74
4741	25416	74
4742	91497	74
4743	20797	74
4744	101013	74
4745	27451	74
4746	39372	74
4747	15175	74
4748	104539	74
4749	76242	74
4750	38249	74
4751	14845	74
4752	111033	74
4753	9791	74
4754	30976	74
4755	52399	74
4756	106519	74
4757	34724	74
4758	22481	74
4759	90522	74
4760	43259	74
4761	2914178	74
4762	83412	74
4763	6223	74
4764	77336	74
4765	97480	74
4766	62726	74
4767	4671	74
4768	68773	74
4769	152393	74
4770	6110	74
4771	34657	73
4772	43826	73
4773	54903	73
4774	50124	73
4775	633	73
4776	46699	73
4777	45213	73
4778	3856	73
4779	32818	73
4780	15190	73
4781	19682	73
4782	56818	73
4783	117860	73
4784	5761	73
4785	20120	73
4786	107739	73
4787	103318	73
4788	66920	73
4789	62521	73
4790	23148	73
4791	110939	73
4792	18208	73
4793	17960	73
4794	64387	73
4795	27238	73
4796	60940	73
4797	55541	73
4798	50618	73
4799	17089	73
4800	21364	73
4801	35631	73
4802	2467	73
4803	27080	73
4804	49260	73
4805	12319	73
4806	40599	73
4807	60420	73
4808	6141	73
4809	251846	73
4810	30895	73
4811	7979	73
4812	43644	73
4813	46419	73
4814	17386	73
4815	48694	73
4816	61120	73
4817	12780	73
4818	47846	73
4819	53077	73
4820	88266	73
4821	27796	73
4822	44416	73
4823	42377	73
4824	138842	73
4825	13281	73
4826	43486	73
4827	21011	73
4828	69634	73
4829	11024	73
4830	7866	73
4831	46551	73
4832	467081	73
4833	8774	73
4834	44311	73
4835	8624	73
4836	166790	73
4837	60787	73
4838	56411	73
4839	49832	73
4840	9715	73
4841	43637	73
4842	47535	73
4843	64569	73
4844	122421	73
4845	80553	73
4846	6906	73
4847	50724	73
4848	9578	73
4849	499497	73
4850	12276	73
4851	43442	73
4852	71709	73
4853	103385	73
4854	66087	73
4855	46854	73
4856	35375	73
4857	171758	73
4858	85677	73
4859	122078	73
4860	67730	73
4861	19503	73
4862	48045	73
4863	163579	73
4864	20061	73
4865	20561	73
4866	21506	73
4867	7232	73
4868	140295	73
4869	765432	73
4870	67049	73
4871	72706	73
4872	33887	73
4873	9740	73
4874	96590	73
4875	4358	73
4876	41336	73
4877	134742	73
4878	20273	73
4879	173097	73
4880	44827	73
4881	161009	73
4882	12812	73
4883	2657	73
4884	13940	73
4885	16873	73
4886	34868	73
4887	33954	73
4888	4194	73
4889	2872	73
4890	35036	73
4891	219694	73
4892	19315	72
4893	71620	72
4894	19625	72
4895	48378	72
4896	33607	72
4897	19576	72
4898	55201	72
4899	52929	72
4900	4610	72
4901	25203	72
4902	56972	72
4903	18637	72
4904	19795	72
4905	41616	72
4906	100028	72
4907	18128	72
4908	26972	72
4909	99074	72
4910	35732	72
4911	48479	72
4912	28398	72
4913	51326	72
4914	7475	72
4915	11667	72
4916	43297	72
4917	228	72
4918	19662	72
4919	70444	72
4920	51681	72
4921	2655	72
4922	6998	72
4923	9584	72
4924	62556	72
4925	41983	72
4926	13185	72
4927	13569	72
4928	11547	72
4929	23248	72
4930	8461	72
4931	73382	72
4932	35484	72
4933	9333	72
4934	13077	72
4935	32220	72
4936	7593	72
4937	72339	72
4938	18725	72
4939	13689	72
4940	597	72
4941	42250	72
4942	40170	72
4943	47143	72
4944	38748	72
4945	46744	72
4946	122411	72
4947	38335	72
4948	23264	72
4949	68991	72
4950	63271	72
4951	50339	72
4952	104175	72
4953	9886	72
4954	30087	72
4955	59626	72
4956	57122	72
4957	35590	72
4958	14928	72
4959	8504	72
4960	61559	72
4961	104498	72
4962	52501	72
4963	89553	72
4964	176339	72
4965	78792	72
4966	23543	72
4967	21494	72
4968	634	72
4969	36735	72
4970	81285	72
4971	104282	72
4972	16680	72
4973	29833	72
4974	104899	72
4975	108046	72
4976	183758	72
4977	103962	72
4978	19071	72
4979	17000	72
4980	116362	72
4981	6201	72
4982	298	72
4983	65618	72
4984	47127	72
4985	42530	72
4986	64947	72
4987	14759	71
4988	31027	71
4989	1367	71
4990	73310	71
4991	83137	71
4992	71656	71
4993	47819	71
4994	201209	71
4995	35478	71
4996	5323	71
4997	15589	71
4998	22984	71
4999	3910	71
