	artist_id	Counts
1091	585	877
1230	22804	783
1243	15936	774
1325	550	723
1352	40662	711
1365	28906	704
1379	40631	699
1382	699	698
1467	52546	662
1496	7662	650
1503	63162	646
1514	40725	638
1549	5267	622
1554	327	621
1569	579	616
1578	89614	612
1617	766	597
1638	13347	591
1648	17653	587
1661	989	581
1665	4084	578
1692	14129	565
1707	10169	561
1714	3997	558
1725	637	553
1739	800	550
1759	22515	542
1762	35478	541
1782	16219	536
1788	7899	534
1795	124911	532
1806	17517	529
1821	107990	524
1831	64895	519
1835	36143	518
1840	790	517
1843	70540	516
1844	16777	516
1847	597	515
1872	44311	508
1875	32178	507
1879	52587	506
1884	13638	503
1891	9918	500
1894	29147	500
1895	72325	500
1920	17026	493
1946	34108	486
1951	17854	486
1958	40628	484
1961	70506	484
1962	18519	483
1964	36323	483
1971	7643	480
1973	3523	480
2000	53244	470
2010	52194	469
2016	34186	466
2019	5757	465
2028	40755	464
2029	33915	464
2036	28776	462
2038	40603	462
2045	13336	459
2057	30001	457
2059	28905	457
2060	22288	456
2066	28888	454
2072	22835	452
2077	51514	451
2088	52232	449
2095	73054	447
2100	76615	446
2103	22840	446
2105	69904	445
2113	13310	443
2114	55588	443
2116	18389	443
2123	2571	441
2129	10401	439
2132	35710	439
2136	30822	438
2139	46719	437
2148	20093	435
2153	13613	434
2156	85752	433
2157	7953	433
2160	33977	433
2163	22402	432
2170	53835	429
2176	5981	428
2179	51957	427
2182	52372	427
2191	2086	424
2203	35592	421
2209	16255	418
2210	29070	418
2219	22432	416
2226	39755	414
2228	2662	414
2229	3993	414
2232	797	414
2233	27972	414
2242	86063	412
2243	659	411
2246	81130	411
2252	16305	409
2255	22841	409
2261	2917	407
2265	40613	407
2267	16267	407
2274	19779	405
2278	55469	404
2281	16153	403
2288	51743	401
2290	27062	401
2292	30059	401
2296	21718	400
2311	46747	397
2315	27238	397
2317	88586	397
2325	16756	395
2333	82323	393
2339	7074	392
2343	29019	392
2344	100929	392
2346	29605	392
2349	15969	391
2351	53258	391
2352	13364	391
2353	48215	391
2355	22682	390
2369	29245	388
2372	29404	388
2376	9877	387
2378	16172	387
2381	38536	387
2384	91338	386
2385	119265	386
2389	6560	386
2394	3376	385
2401	65403	384
2409	17030	383
2412	64896	383
2415	15076	382
2421	34228	381
2422	91225	381
2423	13824	380
2426	42830	380
2429	28266	380
2439	40611	377
2441	20030	377
2446	1221	376
2448	16555	376
2450	109858	375
2453	15352	375
2455	34281	375
2459	46089	375
2461	651	374
2464	1570	374
2465	34320	374
2466	29108	374
2470	20034	373
2474	5684	373
2475	4085	373
2476	79127	373
2478	40672	373
2482	303	371
2484	40645	370
2493	4058	369
2494	39707	369
2497	4133	369
2504	46653	368
2505	36376	368
2513	43486	367
2517	645	366
2521	16946	366
2525	25171	365
2529	22434	365
2530	64966	365
2531	3870	365
2532	20441	365
2534	2961	364
2540	4801	363
2544	69415	362
2546	13720	362
2550	16107	362
2552	51836	361
2558	65545	360
2562	17756	359
2567	16123	358
2568	22389	358
2570	14432	358
2575	13331	358
2576	5257	357
2584	10081	357
2591	91497	356
2593	10360	356
2595	75679	356
2596	40002	356
2597	11083	356
2600	22669	355
2603	2779	355
2612	5250	354
2613	10096	354
2615	36389	354
2617	14217	353
2618	7983	353
2623	23057	353
2625	9479	352
2627	140441	351
2632	7599	351
2633	25473	351
2634	42426	351
2638	2816	351
2645	23915	349
2649	8538	348
2657	695	348
2664	40200	347
2669	18221	347
2674	6961	346
2675	39288	346
2687	85881	345
2688	34356	345
2689	69844	345
2692	112607	344
2694	50584	344
2697	31543	343
2700	2856	342
2707	13235	341
2711	68626	340
2714	42977	340
2715	76148	340
2721	35616	339
2727	29357	338
2729	38042	338
2734	2389	337
2735	155057	337
2737	581	337
2740	19563	336
2742	13502	336
2743	24288	336
2749	73391	335
2752	5620	335
2753	50564	335
2755	59349	335
2759	13769	334
2761	17114	334
2766	88780	333
2767	16191	333
2770	15875	333
2772	5462	332
2776	5205	332
2781	33484	331
2783	7240	331
2784	38807	331
2785	18334	331
2788	60329	330
2790	5739	329
2792	28343	328
2795	36888	328
2796	149637	328
2799	28850	328
2801	13327	328
2809	44018	327
2815	66175	325
2818	9584	325
2819	3693	325
2823	16417	325
2824	100364	324
2832	6551	324
2835	24000	323
2837	34917	323
2843	50464	322
2852	17036	321
2865	40699	318
2867	81257	318
2868	4034	318
2871	40344	318
2873	12772	317
2876	4042	317
2877	57882	317
2886	4896	316
2887	36809	316
2890	34453	316
2892	13847	316
2894	27879	315
2899	1675	315
2901	15412	315
2902	35751	315
2903	28411	315
2915	9762	313
2918	19119	313
2919	5080	313
2920	40419	313
2921	52278	312
2924	10999	312
2925	8697	311
2926	16241	311
2927	42499	311
2929	166135	311
2930	3030	311
2935	10555	310
2944	17497	309
2948	7157	309
2955	37020	308
2962	84900	307
2966	46070	307
2967	48045	306
2974	62156	306
2978	78204	305
2981	124005	305
2982	52557	305
2983	53459	305
2984	10070	305
2988	75114	305
2991	84471	305
3003	17319	303
3004	24231	303
3005	4041	303
3006	403	303
3007	52840	303
3013	16212	302
3015	40579	302
3019	5814	302
3021	7888	301
3022	10454	301
3024	34560	301
3025	13236	301
3030	26035	300
3033	66674	300
3034	37302	300
3035	69706	300
3050	2872691	298
3052	15915	298
3053	17298	298
3056	78293	298
3060	73355	297
3062	4352	297
3064	27245	297
3065	68939	297
3071	4897	296
3073	85582	296
3074	10117	296
3077	27204	296
3082	10563	295
3083	33887	295
3089	18371	294
3090	10053	294
3092	4626	294
3094	16536	294
3096	86724	294
3097	3833	294
3098	10377	294
3099	82618	293
3104	7444	293
3105	18099	293
3107	13340	292
3110	17853	292
3111	10139	292
3116	23324	292
3117	16351	292
3119	35375	292
3120	25178	292
3121	21422	291
3123	29127	291
3125	29002	291
3126	13227	291
3130	1090	290
3132	22427	290
3133	18781	290
3136	22688	290
3138	22734	290
3140	4358	289
3141	216397	289
3142	34183	289
3143	705	289
3144	15970	289
3148	28595	289
3150	8552	289
3154	61147	289
3165	16628	287
3166	154915	287
3168	22747	287
3169	32237	287
3170	683	286
3171	22830	286
3172	8544	286
3174	13337	286
3178	1720	285
3180	66178	285
3182	19641	285
3183	3671	285
3185	16448	285
3186	115551	284
3189	59182	284
3194	39396	284
3196	16393	283
3202	4762	283
3203	40657	283
3210	3449	283
3214	34199	282
3215	18223	282
3221	72777	282
3222	18956	282
3225	15471	282
3229	2430	282
3231	13402	282
3232	16374	281
3240	37751	280
3245	26744	280
3246	40667	280
3248	28985	280
3256	653	279
3257	51585	279
3261	39774	278
3264	4610	278
3265	100368	278
3266	3838	277
3267	13277	277
3270	3709	277
3271	46728	277
3274	52817	277
3275	52387	277
3278	9774	276
3279	27639	276
3283	2872	276
3286	40633	276
3294	115472	275
3296	77732	275
3298	35962	275
3303	22312	275
3308	4036	274
3310	15343	274
3311	634	274
3313	17663	274
3314	28503	274
3319	3931	273
3322	23648	273
3324	22891	273
3326	281433	273
3327	26990	273
3328	69404	273
3329	9828	273
3332	85308	272
3333	20020	272
3334	13394	272
3335	86089	272
3336	93270	272
3337	925	272
3338	761	271
3344	30093	271
3346	28120	271
3347	23581	271
3351	22817	270
3354	57181	270
3357	9864	270
3359	13907	270
3360	59293	270
3361	9239	270
3364	37724	269
3366	2661	269
3369	22060	268
3374	22741	268
3375	19613	268
3376	48771	268
3377	47738	268
3386	48822	267
3387	32869	267
3388	16427	267
3389	573	267
3392	4128	267
3395	34071	266
3399	7303	266
3400	79676	266
3403	16252	265
3404	4494	265
3406	22882	265
3408	674	265
3409	62868	265
3411	124102	265
3412	1886	265
3415	35557	264
3416	53470	264
3417	971	264
3419	16096	264
3420	27277	264
3422	59534	264
3423	9943	264
3427	49958	263
3428	35369	263
3429	16259	263
3430	45516	263
3431	799	263
3432	40425	263
3434	6405	263
3436	20286	263
3438	6787	263
3444	66154	262
3449	13501	262
3450	6765	262
3452	48806	262
3453	18213	262
3455	67055	261
3456	8778	261
3457	58011	261
3458	10366	261
3459	18360	261
3460	10157	261
3461	10032	261
3462	15387	261
3463	5798	261
3465	36408	260
3467	2618	260
3468	36176	260
3470	36153	260
3471	10553	260
3473	13270	260
3475	4232	260
3478	16532	259
3479	51429	259
3481	16644	259
3482	18254	259
3485	95478	258
3487	70021	258
3491	16585	258
3492	26991	258
3493	15526	258
3494	6000	258
3495	10376	258
3496	15994	258
3497	27474	258
3498	137980	258
3500	2617	258
3503	85293	257
3505	33916	257
3506	35756	257
3509	4559	257
3511	9855	257
3515	35992	257
3516	13240	256
3518	3891	256
3521	55673	256
3523	396	256
3525	32556	256
3526	15896	256
3528	13749	256
3529	43400	255
3530	16530	255
3533	5426	255
3535	51369	255
3536	60319	254
3539	16768	254
3540	48646	254
3543	2834	254
3545	12121	254
3546	35976	254
3548	724	253
3549	15997	253
3550	66173	253
3551	42799	253
3553	29209	253
3554	8533	253
3556	242	253
3557	21030	253
3558	68296	253
3561	48241	253
3563	23899	252
3564	3983	252
3566	4705	252
3567	23067	252
3568	14049	252
3570	38361	252
3571	51370	252
3576	96890	251
3578	13876	251
3582	36185	250
3584	42662	250
3585	69251	250
3589	39737	250
3590	117938	250
3593	65780	250
3594	38558	249
3595	41071	249
3596	69994	249
3598	27783	249
3599	41318	249
3600	18895	249
3601	10335	249
3602	18537	249
3604	162720	248
3608	70112	248
3609	13363	248
3611	29136	248
3612	267	248
3614	53510	248
3615	2241	248
3617	81789	247
3621	16719	247
3626	8626	247
3629	116141	247
3630	5058	246
3633	58425	246
3634	79648	246
3636	13609	246
3638	68322	246
3640	59413	246
3642	5794	246
3643	58380	246
3644	4373	246
3646	3411	246
3647	53068	246
3648	40940	245
3651	4599	245
3652	4683	245
3656	4221	245
3658	2850	245
3660	14254	244
3661	24983	244
3664	36009	244
3665	65323	244
3667	2550	244
3668	63271	244
3669	16299	244
3670	7419	244
3672	582	243
3674	106957	243
3676	75394	243
3677	40641	243
3682	25969	242
3683	9524	242
3686	24976	242
3687	17061	242
3688	35615	242
3689	29221	242
3691	2154	242
3692	74582	242
3693	5888	241
3694	43282	241
3695	3656	241
3697	16263	241
3701	22857	241
3704	16229	240
3706	36415	240
3708	42656	240
3709	26975	240
3712	45736	239
3713	9782	239
3714	27857	239
3715	8677	239
3716	48594	239
3717	3952	239
3719	6833	238
3721	13073	238
3723	50516	238
3724	25150	238
3727	16322	237
3730	7322	237
3732	17489	237
3733	8181	237
3735	39580	237
3740	8714	237
3741	46755	237
3743	2820	236
3745	27115	236
3749	108981	236
3750	9646	236
3751	15714	236
3752	1259	236
3753	95449	236
3754	59698	236
3755	74704	236
3756	65705	236
3757	91220	236
3759	47389	235
3760	47658	235
3762	15850	235
3763	119846	235
3765	45650	235
3766	22439	235
3769	46665	235
3770	7887	235
3772	19682	234
3775	54867	234
3776	37258	234
3777	2956	234
3778	16273	234
3783	82404	233
3784	11771	233
3786	59517	233
3791	57255	233
3796	4802	232
3798	65958	232
3799	9538	232
3800	30237	232
3802	16400	232
3803	16652	232
3804	52106	232
3805	30234	232
3806	69370	232
3807	45278	232
3812	18379	232
3813	41787	231
3814	16122	231
3815	40737	231
3817	10434	231
3818	40359	231
3820	18229	231
3821	18101	231
3822	2657	231
3824	8625	230
3826	20095	230
3827	4768	230
3828	13326	230
3830	6860	230
3831	16378	230
3834	10269	230
3836	39968	229
3837	27862	229
3839	99991	229
3841	16997	229
3843	3210	229
3844	78860	229
3845	14471	229
3846	3620	229
3848	48774	229
3849	58910	229
3851	65562	228
3852	52742	228
3853	117628	228
3854	72188	228
3855	39771	228
3857	91590	228
3858	28997	228
3859	80012	228
3863	36273	228
3864	27863	227
3865	723	227
3868	21345	227
3870	5694	227
3872	25362	227
3875	29271	227
3876	405852	227
3877	59122	227
3878	48349	227
3880	16125	226
3881	89587	226
3885	5512	226
3887	26	226
3888	33906	226
3889	14238	226
3890	40647	226
3891	29102	226
3897	13237	225
3899	104165	225
3900	2099	225
3902	76846	225
3903	27926	225
3908	42827	224
3909	57995	224
3912	187349	224
3913	56083	224
3914	68475	224
3915	19020	224
3916	830	224
3917	49948	224
3918	15096	224
3919	140213	224
3920	13454	224
3921	16118	224
3922	90050	224
3923	54890	223
3925	3829	223
3931	52158	223
3932	36142	223
3933	72302	223
3935	77736	223
3936	135347	223
3938	100440	222
3940	20812	222
3942	2728	222
3943	81752	222
3945	8188	222
3947	8354	222
3949	36166	222
3950	38353	222
3951	35626	222
3952	5023	222
3953	41457	221
3954	14165	221
3955	6771	221
3956	13652	221
3959	18853	221
3961	38555	221
3962	85327	221
3968	16522	220
3971	18795	220
3975	187327	220
3976	4660	220
3979	945667	220
3980	7987	220
3981	39714	220
3983	116822	220
3984	3883	219
3985	99921	219
3986	5705	219
3987	16849	219
3988	54830	219
3990	8726	219
3991	6960	219
3992	37029	219
3995	91317	219
3997	49769	219
3999	19209	218
4000	67761	218
4003	101263	218
4006	8579	218
4007	49386	218
4010	16239	217
4011	14038	217
4012	68623	217
4017	101428	217
4019	18944	217
4020	35622	217
4023	52812	216
4026	35666	216
4029	18859	216
4030	67796	216
4031	16139	216
4033	108889	216
4034	18814	216
4036	48684	216
4037	2867	216
4038	4030	216
4039	20284	215
4040	13407	215
4041	77095	215
4044	50241	215
4046	76021	215
4048	44878	215
4052	16192	214
4053	29455	214
4055	35772	214
4056	3834	214
4057	9543	214
4058	134944	214
4062	342	214
4063	36198	214
4064	2872267	214
4065	1013	214
4066	16036	214
4067	16593	214
4068	83300	214
4070	14251	213
4071	4674	213
4072	27071	213
4073	80168	213
4074	40512	213
4076	68034	213
4077	64334	213
4078	8679	213
4079	8371	213
4080	18238	213
4082	35661	213
4083	50313	213
4084	69745	213
4085	20314	212
4087	4160	212
4089	18690	212
4091	68390	212
4092	84156	212
4093	22757	212
4095	75412	212
4096	82175	212
4098	4371	212
4101	27725	212
4105	1234	211
4106	16313	211
4107	16734	211
4110	3625	211
4111	27266	211
4115	1501	211
4116	46028	211
4117	48721	211
4118	488	211
4120	7470	211
4121	16731	211
4122	20526	210
4123	14807	210
4127	588	210
4128	36271	210
4129	101298	210
4130	17681	210
4131	69372	210
4133	27264	210
4134	46471	210
4135	41829	210
4139	16325	209
4140	16513	209
4142	29396	209
4143	16145	209
4144	22562	209
4145	50563	209
4146	652	209
4147	31749	209
4149	15137	209
4151	57393	209
4155	18285	208
4156	6103	208
4163	15	207
4166	16291	207
4167	62581	207
4168	91236	207
4169	68399	207
4170	16394	207
4172	1813	207
4173	2884	207
4174	18699	207
4175	106508	207
4179	18990	206
4180	34223	206
4181	88479	206
4182	52191	206
4183	27891	206
4185	25152	206
4189	53878	206
4190	27846	206
4192	5303	206
4194	18459	206
4195	18526	206
4198	40383	205
4200	60558	205
4204	138072	205
4207	13777	205
4209	16311	204
4211	124038	204
4212	27152	204
4213	6838	204
4219	13404	204
4220	73024	204
4223	93474	204
4229	5680	203
4231	6419	203
4232	6348	203
4233	9679	203
4234	71758	203
4237	14661	203
4241	4135	203
4242	16882	203
4243	67772	203
4244	10837	203
4246	7271	203
4249	20751	202
4253	29329	202
4254	11808	202
4258	65003	202
4259	18948	202
4260	503	202
4261	65671	201
4263	1888	201
4266	80215	201
4267	40071	201
4269	44252	201
4271	48702	201
4272	119496	201
4273	3521	200
4274	119820	200
4279	69634	200
4280	17834	200
4281	16331	200
4283	80113	200
4284	19673	200
4286	17456	200
4287	13559	200
4289	18939	199
4291	68832	199
4293	6401	199
4294	7605	199
4295	16913	199
4297	8529	199
4299	66974	199
4300	73020	199
4301	5123	199
4302	18771	198
4303	87874	198
4304	2734	198
4305	28949	198
4307	80530	198
4308	58242	198
4309	16578	198
4310	14235	198
4312	16177	198
4313	81472	198
4314	48358	198
4315	13822	198
4317	60820	198
4320	58036	198
4322	32223	197
4323	5665	197
4324	57201	197
4325	16985	197
4326	16434	197
4329	35609	197
4330	127853	197
4331	54845	197
4333	2864	197
4334	5014	197
4335	7380	197
4336	16891	197
4337	16409	197
4338	13520	197
4339	75440	197
4340	14483	197
4343	43062	196
4344	58472	196
4345	3097	196
4346	6368	196
4347	21800	196
4348	16433	196
4349	1761	196
4350	7913	196
4351	51036	196
4353	99261	196
4354	18035	196
4355	40001	196
4358	2283	195
4359	73321	195
4360	2801	195
4361	41134	195
4362	63276	195
4366	120602	195
4370	18614	195
4371	112614	195
4372	20028	194
4373	2963	194
4374	75105	194
4375	85690	194
4376	27602	194
4377	30235	194
4378	118831	194
4379	29462	194
4380	54623	194
4382	5846	194
4383	6422	194
4384	8846	194
4386	2639	194
4388	16209	194
4390	23128	194
4391	4053	194
4394	36321	193
4395	79157	193
4398	48556	193
4399	16210	193
4401	39282	193
4402	36375	193
4403	3785	193
4404	42201	193
4405	20893	193
4406	2107	193
4407	67540	193
4408	55408	193
4409	33805	193
4411	6842	193
4412	2178	193
4414	16508	193
4415	17106	192
4416	4641	192
4417	27916	192
4420	17761	192
4421	34695	192
4423	11111	192
4424	42727	192
4425	43401	192
4428	28370	192
4429	11522	192
4430	14023	192
4431	104495	192
4432	15463	192
4433	35361	192
4436	36196	192
4438	827	191
4441	42861	191
4444	4680	191
4447	27950	191
4451	85677	191
4452	22438	191
4454	9374	191
4455	61403	191
4456	25024	191
4458	9811	191
4461	18834	190
4462	15672	190
4463	171620	190
4465	117319	190
4467	68872	190
4470	34436	190
4471	167909	190
4473	21866	190
4474	7510	190
4475	6012	190
4478	22605	190
4479	2155	189
4480	5049	189
4482	12716	189
4483	7089	189
4484	38369	189
4485	38425	189
4487	2720	189
4488	131608	189
4490	42077	189
4491	39363	189
4493	35607	189
4494	72506	189
4495	16611	189
4496	109688	189
4497	26329	189
4498	33615	189
4499	11396	189
4500	85953	189
4503	12263	189
4504	39210	189
4505	40981	188
4507	12179	188
4508	11110	188
4509	39703	188
4510	27060	188
4512	3005	188
4513	693	188
4515	32989	188
4517	59626	188
4518	27721	188
4519	103916	188
4520	7207	188
4521	24448	188
4527	9530	188
4532	64863	187
4533	13549	187
4534	4640	187
4535	49900	187
4536	36207	187
4537	51768	187
4541	33954	187
4543	1773	187
4547	4043	186
4548	1434	186
4549	19446	186
4550	81894	186
4551	15256	186
4552	13689	186
4553	502309	186
4554	21247	186
4555	35959	186
4556	80138	186
4559	55239	186
4561	5055	185
4563	72929	185
4564	5243	185
4565	4686	185
4566	9976	185
4567	14395	185
4568	41822	185
4572	228	185
4573	22309	185
4575	35983	185
4576	56399	184
4577	62157	184
4579	4537	184
4580	25097	184
4581	84571	184
4582	15448	184
4583	130385	184
4584	144894	184
4586	48548	184
4587	53080	184
4588	14477	184
4591	3859	184
4592	16458	184
4593	26703	184
4595	28331	184
4597	23214	184
4601	52382	183
4602	5474	183
4603	130325	183
4604	16966	183
4605	14590	183
4608	9579	183
4609	38614	183
4611	58990	183
4614	19728	183
4615	16666	183
4616	39249	183
4617	85307	183
4619	3015	183
4621	35318	183
4623	13679	183
4625	15249	183
4626	2551	183
4627	60411	182
4628	15979	182
4632	21478	182
4633	48724	182
4634	8532	182
4635	601	182
4636	73077	182
4638	42165	182
4639	14766	182
4641	3777	182
4643	40333	182
4645	18335	182
4646	7430	182
4647	78820	182
4648	8461	182
4649	68298	182
4650	70017	182
4652	18026	182
4653	1843	182
4655	50553	181
4656	861	181
4659	4032	181
4661	65488	181
4662	107195	181
4665	50588	181
4666	7490	181
4668	105793	181
4669	9502	181
4670	18367	181
4671	18252	180
4672	40743	180
4674	34138	180
4675	5455	180
4677	16496	180
4678	50452	180
4679	16705	180
4680	43608	180
4681	238965	180
4682	82305	180
4683	21596	180
4684	7977	180
4685	17995	179
4686	54167	179
4688	8724	179
4689	27331	179
4690	343	179
4691	50454	179
4693	122077	179
4694	7986	179
4695	35506	179
4696	27139	179
4697	49854	179
4698	44827	179
4703	23740	179
4704	18705	179
4705	29537	179
4706	82236	179
4707	17024	179
4708	21170	179
4709	5223	179
4710	8537	179
4713	34582	179
4714	66842	179
4715	22566	179
4716	98172	178
4717	8623	178
4718	5983	178
4720	61898	178
4721	40752	178
4722	26732	178
4724	21817	178
4725	8032	178
4726	16377	178
4727	36937	178
4728	29078	178
4729	40883	178
4730	17466	178
4731	18326	178
4732	61319	178
4733	48903	178
4735	26984	177
4737	11767	177
4742	33944	177
4744	16836	177
4745	58448	177
4747	156131	177
4748	55610	177
4749	75718	177
4750	47390	177
4751	36281	177
4753	15929	177
4757	85826	177
4759	13641	176
4762	15194	176
4763	8050	176
4765	17516	176
4766	69193	176
4768	11595	176
4769	58065	176
4770	36138	176
4771	132987	176
4772	2069	175
4773	610	175
4774	82430	175
4775	10295	175
4776	97631	175
4777	18753	175
4778	32173	175
4780	904	175
4782	39319	175
4783	35383	175
4784	7903	175
4785	58558	175
4786	16991	175
4787	44312	175
4790	35351	175
4792	77321	175
4793	58124	174
4795	20533	174
4796	28946	174
4797	40436	174
4798	56772	174
4800	20497	174
4801	5759	174
4802	88546	174
4803	88957	174
4804	2058	174
4806	11671	173
4807	10185	173
4811	54991	173
4812	10855	173
4813	10316	173
4814	51799	173
4815	48712	173
4819	13841	173
4820	4788	173
4821	23543	173
4822	70468	172
4823	37185	172
4824	6878	172
4825	24993	172
4835	3396	172
4836	50661	172
4839	158304	172
4842	20885	172
4843	10648	172
4844	10573	172
4846	100714	172
4847	76552	172
4848	21305	172
4853	58002	171
4855	75521	171
4857	20487	171
4858	67707	171
4860	17067	171
4861	27556	171
4864	49082	171
4866	8781	171
4867	73050	171
4868	28154	171
4869	27653	171
4870	27065	171
4871	60339	171
4874	96858	170
4875	114457	170
4876	28859	170
4877	13408	170
4879	9892	170
4880	4120	170
4881	1014	170
4883	68385	170
4884	9822	170
4885	33207	170
4886	5775	170
4887	53045	170
4889	2872418	170
4892	6575	170
4893	15993	170
4895	311941	170
4896	65563	170
4897	497	170
4898	75125	170
4899	28724	170
4900	50704	169
4901	34476	169
4902	31782	169
4905	70224	169
4906	13558	169
4907	22675	169
4908	16131	169
4909	160051	169
4911	93043	169
4914	14553	169
4915	15083	169
4918	31793	168
4919	59524	168
4920	18510	168
4922	16553	168
4924	35656	168
4925	35977	168
4927	86708	168
4929	91235	168
4930	15946	168
4931	25512	168
4932	30002	168
4933	51461	168
4936	35376	168
4939	43491	168
4940	53076	168
4943	31395	168
4944	29842	168
4946	11108	168
4948	17046	167
4949	44807	167
4951	220541	167
4952	22054	167
4953	3081	167
4954	8306	167
4955	606	167
4956	68338	167
4957	35935	167
4958	41007	167
4959	13510	167
4961	39834	167
4962	6042	167
4963	52980	167
4965	3321	167
4966	7274	167
4967	2441	167
4968	24285	167
4969	49364	167
4970	4697	167
4971	38255	166
4972	137986	166
4973	100575	166
4975	18324	166
4976	24116	166
4978	7956	166
4979	22065	166
4981	58782	166
4983	24877	166
4986	81204	166
4988	86617	166
4989	20249	166
4991	71779	166
4992	75275	165
4996	64544	165
4998	50746	165
4999	3964	165
5001	7759	165
5002	61214	165
5003	442461	165
5005	58444	165
5006	25636	165
5009	6174	165
5010	5738	165
5014	45205	165
5015	68376	164
5016	26689	164
5017	6380	164
5019	22892	164
5020	64723	164
5021	37506	164
5022	18817	164
5024	45529	164
5025	19612	164
5026	7783	164
5027	53154	164
5028	14759	164
5029	86321	164
5030	7424	164
5031	4739	164
5034	91605	164
5035	54829	164
5039	5829	164
5041	27927	163
5044	17766	163
5045	52086	163
5046	13587	163
5047	35655	163
5049	17441	163
5052	56434	163
5053	42789	163
5054	41726	163
5055	123472	163
5059	2668	163
5060	33061	163
5061	34441	163
5063	19273	162
5064	15975	162
5065	100350	162
5066	28749	162
5068	86752	162
5069	27360	162
5070	14339	162
5073	129540	162
5074	42769	162
5076	7911	162
5080	27239	162
5081	18353	162
5082	3448	162
5083	45686	162
5085	13097	162
5086	45725	162
5087	34838	162
5088	83153	162
5089	39087	162
5090	2215	161
5091	29410	161
5093	18604	161
5095	91587	161
5096	25513	161
5097	18525	161
5098	17919	161
5099	52300	161
5102	27434	161
5103	5581	161
5104	111412	161
5105	52906	161
5106	4500	161
5108	295199	161
5109	42962	161
5110	43439	160
5111	53082	160
5113	9111	160
5115	6400	160
5116	217465	160
5117	9562	160
5119	29086	160
5120	8614	160
5121	40275	160
5122	69903	160
5123	4604	160
5125	14575	160
5126	78122	160
5127	45654	160
5129	38755	160
5131	86064	160
5132	45312	160
5133	154847	160
5134	21118	159
5135	14842	159
5136	36055	159
5137	41935	159
5138	82247	159
5140	9898	159
5141	22774	159
5142	36241	159
5143	29771	159
5144	16040	159
5148	95561	159
5149	18482	159
5150	132395	159
5151	64001	159
5152	27900	159
5154	35367	159
5155	21943	159
5156	6981	159
5158	66821	159
5159	35441	159
5161	49032	158
5162	173616	158
5164	26586	158
5165	42774	158
5168	7311	158
5169	28080	158
5171	35594	158
5172	132997	158
5173	54734	158
5175	147742	158
5176	12801	158
5177	27101	158
5178	38775	158
5180	49945	158
5181	7447	158
5182	8460	158
5183	16445	158
5185	28242	158
5186	931	158
5187	7646	158
5188	56930	158
5189	4800	157
5192	29255	157
5195	688	157
5196	7585	157
5197	16304	157
5199	16702	157
5201	113096	157
5203	27123	157
5204	19659	157
5205	38584	157
5207	5299	157
5209	51444	156
5210	73781	156
5212	20094	156
5214	18706	156
5215	52435	156
5216	83568	156
5218	16539	156
5219	3901	156
5220	859	156
5221	65674	156
5224	69452	156
5225	35958	156
5227	9035	156
5228	236828	156
5229	4357	156
5230	40961	156
5231	29706	156
5232	75647	156
5233	51705	156
5234	8437	156
5236	38950	156
5237	17011	156
5238	22646	156
5240	10177	156
5241	2659	156
5242	9003	156
5244	17207	156
5245	45715	155
5246	14861	155
5247	23683	155
5248	58389	155
5249	16438	155
5250	49736	155
5252	310651	155
5253	14653	155
5254	3919	155
5256	24832	155
5258	16563	155
5259	11593	155
5260	13646	155
5261	52701	155
5262	15892	155
5263	35449	155
5264	66235	155
5265	3749	154
5267	53266	154
5268	4116	154
5269	24208	154
5270	18551	154
5271	28916	154
5272	36011	154
5273	4354	154
5274	14632	154
5275	27508	154
5276	99309	154
5277	27367	154
5278	106551	154
5279	4228	154
5281	7296	154
5282	61334	154
5284	9978	154
5287	23593	154
5288	26799	154
5290	22220	154
5291	103359	154
5292	16339	154
5293	29552	154
5294	64612	154
5295	3337	154
5296	96966	153
5297	36890	153
5299	6276	153
5301	18331	153
5302	19680	153
5305	49137	153
5306	18758	153
5308	35677	153
5309	37968	153
5310	18489	153
5311	22872	153
5312	145166	153
5313	217213	153
5314	2497	153
5316	159779	153
5317	7576	152
5319	44834	152
5320	17033	152
5321	8545	152
5323	78242	152
5324	134237	152
5325	138625	152
5327	15897	152
5331	44197	152
5333	1441	152
5334	51681	152
5335	42919	152
5336	36172	152
5337	220544	152
5339	16902	152
5340	58588	152
5343	7578	152
5345	2226	152
5346	101239	152
5347	21488	151
5349	130157	151
5350	38655	151
5351	49737	151
5353	1665	151
5357	5206	151
5358	16851	151
5359	8067	151
5360	53509	151
5362	25334	151
5367	57225	151
5368	1451	151
5369	60361	151
5370	17827	151
5372	1652	150
5373	93218	150
5374	27829	150
5375	43895	150
5376	11404	150
5377	3684	150
5378	24311	150
5379	13991	150
5380	131517	150
5381	101251	150
5382	48124	150
5383	17054	150
5384	2650	150
5385	137418	150
5386	14048	150
5387	19193	150
5389	69359	150
5391	14006	150
5393	10257	150
5395	29614	150
5396	40754	150
5397	40781	150
5399	105312	150
5400	29064	150
5401	16091	149
5402	22378	149
5403	112984	149
5404	56556	149
5405	7167	149
5406	13661	149
5407	115542	149
5408	3874	149
5410	235808	149
5411	2879	149
5412	25038	149
5413	52797	149
5414	7449	149
5416	52728	149
5417	22628	149
5419	108567	149
5421	35627	149
5423	8986	149
5424	2876	149
5425	300	149
5426	70964	149
5427	27652	149
5428	3029	149
5429	23028	148
5430	5329	148
5431	51615	148
5432	95445	148
5433	44823	148
5434	35394	148
5435	54907	148
5436	112581	148
5437	17994	148
5438	1017	148
5439	12799	148
5441	13160	148
5442	7284	148
5443	49902	148
5445	39690	148
5446	21148	148
5447	82251	148
5448	18087	148
5449	19206	148
5451	16027	148
5453	69287	148
5454	62380	148
5455	37377	148
5457	68533	148
5458	47701	147
5459	3602	147
5461	91366	147
5462	27368	147
5463	52947	147
5465	101390	147
5466	44799	147
5467	107984	147
5468	8402	147
5469	1062	147
5471	69495	147
5472	9841	147
5473	5712	147
5474	51687	147
5476	8429	147
5480	99968	147
5481	8459	147
5483	20418	147
5485	35631	146
5486	68311	146
5487	5093	146
5489	22927	146
5491	42829	146
5492	18247	146
5493	50957	146
5494	4204	146
5498	16270	146
5499	61222	146
5500	51578	146
5503	5252	146
5505	97580	146
5506	216250	146
5507	18908	146
5508	8772	146
5509	3984	146
5510	3696	146
5511	169615	146
5512	10468	146
5514	14729	146
5518	22382	145
5519	28173	145
5520	28548	145
5521	34166	145
5522	837	145
5523	14797	145
5524	98173	145
5525	16817	145
5526	16657	145
5527	27073	145
5528	61638	145
5530	109371	145
5531	25970	145
5532	77310	145
5535	103640	145
5536	109878	145
5537	80093	145
5538	4380	145
5539	32067	145
5541	173896	145
5542	10623	145
5544	153362	145
5545	26673	144
5546	53464	144
5547	106409	144
5548	3307	144
5549	5656	144
5550	73631	144
5552	73310	144
5553	18170	144
5554	115728	144
5556	28948	144
5557	16509	144
5558	8907	144
5559	64563	144
5560	88666	144
5561	3966	144
5564	139739	144
5565	7192	144
5567	68762	144
5571	113414	144
5572	23671	144
5573	858	144
5574	14818	144
5576	2649	144
5578	619	143
5579	20340	143
5581	28072	143
5584	163051	143
5585	9501	143
5586	41083	143
5587	29474	143
5588	50448	143
5592	91320	143
5593	9534	143
5594	10609	143
5597	42372	143
5598	71802	143
5601	31155	143
5603	52474	143
5604	49853	143
5605	42764	143
5606	26516	143
5607	3124	143
5608	29037	143
5611	28149	143
5612	34581	143
5613	40030	143
5614	40022	143
5615	34010	143
5616	43293	143
5617	64569	143
5618	16893	142
5619	2614	142
5621	11453	142
5622	13414	142
5623	65329	142
5627	15457	142
5628	61756	142
5629	108923	142
5630	28923	142
5632	90502	142
5633	40760	142
5634	4167	142
5636	74966	142
5637	100678	142
5638	95601	142
5639	47349	142
5640	26976	142
5641	27075	142
5642	30640	141
5645	16012	141
5646	6324	141
5647	5004	141
5648	13821	141
5649	8788	141
5650	18910	141
5653	58426	141
5654	56186	141
5657	17719	141
5658	23035	141
5659	19733	141
5660	9463	141
5661	84728	141
5662	98165	141
5663	27499	141
5664	6785	141
5665	92840	141
5666	61249	141
5667	7275	141
5668	48347	141
5669	38696	141
5670	40634	141
5672	112317	141
5673	667727	141
5674	10455	141
5675	41210	140
5678	165924	140
5679	50579	140
5681	81738	140
5682	10902	140
5684	18336	140
5685	14488	140
5690	1279	140
5691	2746	140
5692	5313	140
5693	87009	140
5694	72735	140
5695	122443	140
5697	17084	140
5698	31970	140
5699	42601	140
5701	75511	140
5702	589571	140
5703	17146	140
5704	52544	140
5705	4903	139
5706	104486	139
5707	36367	139
5708	56082	139
5709	16968	139
5710	23297	139
5711	94440	139
5713	78880	139
5714	19112	139
5715	71516	139
5716	36286	139
5718	42928	139
5719	49107	139
5720	53549	139
5721	4908	139
5722	4123	139
5723	167882	139
5724	21551	139
5725	18337	139
5726	2686	139
5727	91140	139
5728	52915	139
5729	7254	139
5730	97598	139
5731	50595	139
5732	5283	139
5733	20035	138
5734	68272	138
5735	34724	138
5736	40431	138
5737	69992	138
5739	34728	138
5740	15462	138
5741	19261	138
5742	7751	138
5743	35282	138
5744	51482	138
5745	9091	138
5746	17520	138
5747	235994	138
5748	14845	138
5749	18275	138
5750	19203	138
5751	53481	138
5752	56683	138
5754	777	138
5759	46461	137
5760	86698	137
5761	9386	137
5762	8282	137
5764	71607	137
5765	15996	137
5766	16974	137
5767	35558	137
5768	3936	137
5769	137984	137
5772	137731	137
5775	13039	137
5776	74579	137
5777	35629	137
5778	48820	137
5779	50765	137
5781	29264	137
5782	130359	136
5783	28429	136
5784	42359	136
5785	49511	136
5786	33722	136
5788	13476	136
5789	216198	136
5790	104470	136
5791	124960	136
5793	4700	136
5794	23022	136
5795	72240	136
5796	56341	136
5797	50838	136
5798	79635	136
5799	32243	136
5800	10767	136
5801	4878	136
5802	52018	136
5804	201127	136
5805	11914	136
5806	8727	136
5807	35946	135
5808	38818	135
5809	7421	135
5810	9658	135
5811	7102	135
5812	27030	135
5814	22987	135
5815	27694	135
5816	66756	135
5818	42081	135
5819	124908	135
5820	77328	135
5821	72369	135
5822	9657	135
5823	1933	135
5824	33751	135
5825	8784	135
5826	45155	135
5827	658224	135
5828	2190	135
5830	88115	135
5831	38190	135
5832	2607	135
5833	39184	135
5835	26921	135
5836	6162	135
5837	18383	135
5838	199524	135
5839	122411	135
5840	12012	135
5841	15382	135
5842	690	135
5843	26576	134
5845	8100	134
5846	40642	134
5847	25419	134
5848	28255	134
5849	23338	134
5850	41927	134
5851	26720	134
5852	61177	134
5853	46731	134
5854	45960	134
5856	65034	134
5857	28541	134
5859	48787	134
5860	155201	134
5863	31033	134
5864	9597	134
5866	281457	134
5868	85583	134
5870	123590	134
5871	71641	134
5873	50627	134
5874	3420	134
5875	464301	134
5876	24592	134
5878	6148	134
5879	3624	133
5880	13569	133
5881	16019	133
5882	48618	133
5883	18512	133
5884	39034	133
5885	51741	133
5888	106748	133
5889	116534	133
5890	27156	133
5892	57165	133
5893	15980	133
5895	22765	133
5896	65165	133
5897	16316	133
5898	18516	133
5899	36400	133
5902	2959	133
5903	16680	133
5904	13403	133
5906	25927	133
5907	38634	133
5908	71709	133
5909	16130	133
5911	85658	133
5912	108829	133
5913	12393	133
5914	67671	133
5915	50863	133
5916	30613	133
5918	6889	133
5919	65993	133
5920	76081	133
5921	20175	133
5922	3791	132
5925	15245	132
5926	9839	132
5927	15260	132
5929	205320	132
5930	5793	132
5931	18206	132
5932	8640	132
5933	34899	132
5934	4895	132
5935	39181	132
5936	13443	132
5937	5060	132
5938	8582	132
5939	52081	132
5940	58727	132
5942	84877	132
5943	51941	132
5944	11296	132
5945	3597	132
5946	34106	132
5950	43538	132
5951	25317	132
5953	67118	132
5954	59205	132
5956	11019	132
5957	14018	132
5958	54204	132
5959	48783	131
5960	6682	131
5961	120924	131
5962	282612	131
5963	96595	131
5964	6354	131
5965	98517	131
5966	4633	131
5967	7425	131
5968	15972	131
5969	10029	131
5970	90579	131
5971	25706	131
5973	109166	131
5974	145902	131
5975	3742	131
5976	18361	131
5977	46667	131
5978	21745	131
5979	59510	131
5980	15361	131
5981	108723	131
5982	2915	131
5983	48635	131
5984	21364	131
5988	50861	131
5989	67201	131
5990	70163	131
5991	88563	131
5993	101302	131
5994	120236	131
5996	6553	130
5999	10162	130
6000	28727	130
6001	39873	130
6002	18988	130
6003	34466	130
6004	61328	130
6005	43544	130
6006	21598	130
6008	16405	130
6010	6938	130
6011	35366	130
6012	1258	130
6013	67801	130
6014	7423	130
6015	13249	130
6018	6041	130
6019	90533	130
6020	13676	130
6021	124969	130
6022	159820	130
6023	39818	130
6024	8961	130
6025	80280	129
6027	36318	129
6028	7606	129
6029	3962	129
6030	22965	129
6031	25365	129
6032	32224	129
6033	536	129
6034	53140	129
6035	1961	129
6036	81940	129
6037	35591	129
6038	5568	129
6039	93952	129
6044	45037	129
6045	97168	129
6046	91931	129
6047	18226	129
6048	15186	129
6049	32215	129
6050	11597	129
6054	15087	129
6055	91991	129
6056	105788	129
6057	8692	129
6058	7824	129
6059	65	129
6060	6460	129
6061	66979	128
6063	42466	128
6064	20731	128
6065	13687	128
6066	20540	128
6068	36120	128
6069	86848	128
6070	73282	128
6072	36133	128
6073	22598	128
6074	45827	128
6075	17004	128
6076	35015	128
6077	1794	128
6078	10092	128
6079	4379	128
6081	28994	128
6082	69419	128
6083	28157	128
6086	36141	128
6087	130452	128
6088	43361	128
6089	34821	128
6090	3947	128
6092	4018	128
6093	52656	128
6094	27637	128
6095	28862	128
6096	17504	128
6098	18945	128
6099	28555	127
6100	4109	127
6101	12132	127
6102	29052	127
6104	3626	127
6106	52307	127
6109	145867	127
6111	6289	127
6112	93822	127
6113	64387	127
6114	29847	127
6115	13807	127
6116	72669	127
6117	63411	127
6120	135465	127
6121	82051	127
6122	13866	127
6123	6809	127
6124	37740	127
6125	51724	127
6126	57659	127
6127	56034	127
6130	3906	127
6131	17120	127
6132	34584	127
6134	8036	127
6135	46687	127
6136	45726	127
6137	64947	126
6138	27696	126
6139	70669	126
6140	48604	126
6141	45561	126
6143	29145	126
6147	41023	126
6148	118095	126
6149	15124	126
6150	85542	126
6152	93235	126
6153	43551	126
6154	36373	126
6155	2079	126
6156	57127	126
6158	16462	126
6159	650	126
6161	6233	126
6162	86836	126
6163	16714	126
6164	77286	126
6166	8498	126
6167	28213	126
6168	2065	126
6169	24363	126
6171	21108	126
6172	1179	126
6173	36108	126
6174	19668	125
6175	28691	125
6176	7931	125
6178	313165	125
6180	39742	125
6181	4351	125
6182	14320	125
6183	85813	125
6184	41196	125
6185	10641	125
6186	253	125
6187	1719	125
6189	10249	125
6191	2635	125
6192	222306	125
6193	18713	125
6194	117169	125
6195	17312	125
6196	88432	125
6198	117790	125
6199	4499	125
6202	17771	125
6203	70686	125
6204	59005	125
6205	18299	125
6206	73045	125
6207	49244	125
6208	103382	125
6209	44211	124
6210	69470	124
6211	60242	124
6213	57131	124
6214	15703	124
6215	1314	124
6216	4197	124
6217	43268	124
6218	42208	124
6219	23566	124
6220	40740	124
6221	23928	124
6222	39706	124
6223	18883	124
6224	19625	124
6225	9589	124
6228	51672	124
6229	52739	124
6230	13341	124
6231	3726	124
6232	103937	124
6233	36305	124
6235	25952	124
6236	24876	124
6237	35924	124
6238	80437	124
6241	64730	124
6242	18028	124
6243	23091	123
6244	3910	123
6245	13659	123
6246	101422	123
6249	184520	123
6250	67343	123
6251	55206	123
6253	16461	123
6254	68739	123
6255	44956	123
6256	5784	123
6257	118143	123
6260	25467	123
6261	9678	123
6264	140323	123
6266	100486	123
6267	77205	123
6268	55633	123
6269	5752	123
6270	51983	123
6271	32836	123
6272	68323	123
6274	18554	123
6276	1058410	123
6277	27924	123
6279	18535	123
6280	42832	123
6281	60395	123
6282	102708	123
6284	116062	123
6285	10500	123
6287	16684	123
6288	16385	123
6291	163811	122
6292	6467	122
6293	18369	122
6294	17013	122
6295	37427	122
6296	282677	122
6297	5819	122
6298	38372	122
6300	16373	122
6301	52323	122
6302	8627	122
6303	17796	122
6304	28554	122
6305	741211	122
6306	5660	122
6307	54254	122
6308	34875	122
6309	14866	122
6310	13714	122
6311	41513	122
6312	20542	122
6313	13276	122
6314	36013	122
6315	40150	122
6316	17661	122
6317	18090	122
6320	40716	122
6321	67657	122
6322	4632	122
6326	125530	122
6327	231424	122
6328	16631	122
6329	61139	122
6330	13084	122
6331	58302	122
6332	159744	122
6333	40674	122
6335	6987	122
6336	20813	122
6337	232057	122
6338	4447	122
6339	27066	122
6340	9909	121
6341	106511	121
6342	53315	121
6343	10701	121
6344	59030	121
6345	25055	121
6347	22399	121
6348	19409	121
6349	27784	121
6350	11486	121
6351	28128	121
6352	16099	121
6353	96879	121
6354	397	121
6356	48391	121
6357	74730	121
6358	100360	121
6359	65875	121
6361	27282	121
6362	373347	121
6363	20871	121
6364	124910	121
6365	66760	121
6366	7259	121
6367	18517	121
6368	217253	121
6369	57386	121
6370	10011	121
6371	286035	121
6372	26233	121
6374	90001	121
6375	88430	121
6376	66395	121
6377	16685	121
6378	3447	121
6379	6269	121
6380	16501	121
6381	15477	121
6382	821	120
6384	25080	120
6386	4722	120
6387	61244	120
6388	13135	120
6389	29459	120
6390	20043	120
6391	118414	120
6392	222833	120
6393	37706	120
6394	4491	120
6396	8717	120
6399	56849	120
6400	25002	120
6401	18381	120
6402	48615	120
6403	97694	120
6404	15153	120
6405	51647	120
6406	109066	120
6407	39684	120
6408	23351	120
6409	16302	120
6411	2439	120
6412	65675	120
6415	27497	120
6416	8444	120
6417	35571	120
6418	10833	120
6420	16523	120
6421	305	120
6422	41172	120
6423	10049	119
6425	30903	119
6426	17867	119
6427	1699	119
6428	3941	119
6429	35984	119
6430	33455	119
6432	3702	119
6433	3225	119
6434	59185	119
6436	615	119
6437	36239	119
6438	17318	119
6439	18083	119
6440	28802	119
6441	9850	119
6442	13858	119
6443	3375	119
6444	5628	119
6446	147762	119
6447	21688	119
6448	28648	119
6449	107310	119
6451	254501	119
6452	48328	119
6454	4740	119
6455	23112	119
6456	111283	119
6457	3459	119
6458	38941	118
6460	206692	118
6461	1844	118
6462	95560	118
6463	21088	118
6464	10502	118
6465	57122	118
6466	134742	118
6467	35371	118
6468	118992	118
6469	19332	118
6470	2063	118
6471	35297	118
6472	4594	118
6473	17911	118
6474	58193	118
6475	16497	118
6478	12768	118
6479	9547	118
6480	117894	118
6481	48525	118
6482	392720	118
6483	69536	118
6484	7001	118
6485	6839	118
6488	613	118
6489	29041	118
6490	1399	118
6491	25611	118
6492	95470	118
6494	10619	118
6495	2914178	118
6496	112210	118
6497	53272	118
6500	18644	118
6501	496109	118
6502	60854	118
6504	82523	118
6505	57569	118
6511	40624	117
6513	42969	117
6514	1432	117
6515	83062	117
6516	3789	117
6517	4661	117
6518	85874	117
6520	46431	117
6521	48421	117
6522	18097	117
6523	96938	117
6524	71099	117
6525	109260	117
6526	127633	117
6527	21181	117
6528	69483	117
6529	138159	117
6531	15495	117
6532	68702	117
6533	43051	117
6534	8636	117
6535	65440	117
6536	48315	117
6537	147880	117
6538	748849	117
6541	35943	116
6542	48675	116
6543	10621	116
6544	10403	116
6545	13312	116
6546	28829	116
6547	8670	116
6548	145504	116
6549	35154	116
6550	217334	116
6551	16826	116
6552	6806	116
6553	103687	116
6554	7608	116
6556	10098	116
6558	70096	116
6562	62722	116
6564	17522	116
6565	104293	116
6566	91684	116
6567	1433	116
6568	34563	116
6571	35914	116
6573	16021	116
6574	36380	116
6575	76508	116
6576	17978	116
6577	55911	116
6578	826	116
6579	14742	116
6580	111388	116
6582	15589	116
6585	8847	115
6586	55204	115
6587	37929	115
6588	22853	115
6589	16485	115
6590	15922	115
6591	116537	115
6592	101015	115
6593	89611	115
6594	59699	115
6596	8816	115
6597	8519	115
6598	17890	115
6599	96982	115
6600	35980	115
6603	356	115
6605	60731	115
6606	15611	115
6607	27542	115
6608	155087	115
6609	46712	115
6610	4623	115
6611	98147	115
6612	1980	115
6613	17881	115
6614	44866	115
6615	79917	115
6616	35934	115
6618	19153	115
6619	42983	115
6620	45813	114
6621	27953	114
6623	20316	114
6624	42488	114
6625	15610	114
6627	14464	114
6628	106778	114
6630	101284	114
6631	44185	114
6632	42425	114
6633	35588	114
6635	44282	114
6636	9717	114
6637	80823	114
6638	65358	114
6639	29035	114
6640	15966	114
6642	162412	114
6643	28753	114
6644	13889	114
6646	42166	114
6648	34824	114
6649	75389	114
6650	42784	114
6651	101017	114
6652	97542	114
6653	2666	114
6654	36223	114
6656	10263	114
6657	119112	114
6659	67646	114
6660	22154	114
6661	38039	114
6662	31239	114
6663	16845	114
6664	5258	114
6665	49523	114
6667	16996	114
6670	16403	113
6671	112946	113
6673	17468	113
6674	17277	113
6675	104498	113
6676	38366	113
6677	14239	113
6679	4999	113
6680	130273	113
6681	13217	113
6682	25241	113
6683	52786	113
6684	135320	113
6685	44457	113
6687	18144	113
6688	5338	113
6689	159626	113
6690	16930	113
6691	41458	113
6693	197520	113
6694	21296	113
6695	27860	113
6696	41395	113
6697	43560	113
6698	25890	113
6699	16408	113
6700	2625	113
6701	18755	113
6702	7079	113
6703	26038	112
6704	14574	112
6706	109402	112
6707	26447	112
6709	17327	112
6710	41659	112
6711	21086	112
6712	13753	112
6713	34874	112
6714	65197	112
6716	62726	112
6717	29050	112
6718	166785	112
6719	11507	112
6720	137988	112
6721	52696	112
6722	5022	112
6723	36005	112
6724	81902	112
6726	414	112
6727	43775	112
6728	75470	112
6729	39770	112
6730	393443	112
6731	636	112
6732	16835	112
6733	46056	112
6735	53584	112
6736	22638	112
6737	1914	112
6740	60957	112
6741	66564	112
6742	49508	112
6743	38790	112
6745	42787	112
6746	181786	112
6748	75101	112
6749	25126	112
6750	38580	112
6751	50135	111
6752	188431	111
6753	10802	111
6754	203492	111
6756	8031	111
6757	77287	111
6759	17406	111
6760	36452	111
6761	29754	111
6762	42178	111
6763	36358	111
6764	51686	111
6765	51848	111
6766	25507	111
6767	43554	111
6768	19637	111
6769	89914	111
6770	45711	111
6771	84028	111
6772	98114	111
6773	10111	111
6774	12892	111
6775	52357	111
6776	68112	111
6780	34201	111
6781	18869	111
6782	94896	111
6783	79077	111
6784	9180	111
6785	14123	111
6786	33038	111
6787	7244	111
6788	108135	111
6789	4014	111
6793	3123	111
6794	24907	111
6795	3458	111
6796	16179	111
6797	81664	111
6798	17979	111
6800	18700	111
6802	60489	111
6805	109379	111
6806	8728	111
6807	9769	110
6809	184596	110
6810	27856	110
6811	43582	110
6813	184254	110
6814	58406	110
6815	50446	110
6816	42872	110
6817	1028	110
6820	95776	110
6822	55649	110
6823	295374	110
6825	19628	110
6826	97546	110
6827	9578	110
6828	35849	110
6829	104687	110
6831	22820	110
6832	9700	110
6833	98148	110
6834	93918	110
6835	13949	110
6836	9068	110
6838	7654	110
6839	86716	110
6840	108271	110
6842	40830	110
6843	2006	110
6844	27914	110
6845	52170	110
6846	10297	110
6848	88394	110
6849	14092	109
6850	97473	109
6851	106528	109
6852	22257	109
6853	988	109
6854	296391	109
6855	540	109
6858	66855	109
6859	8026	109
6860	39074	109
6861	18363	109
6862	27027	109
6864	43027	109
6865	3704	109
6866	2880	109
6867	7282	109
6868	27460	109
6869	221036	109
6870	17347	109
6871	68465	109
6872	2044	109
6873	45306	109
6874	94560	109
6875	72355	109
6876	35850	109
6877	51057	109
6878	96891	109
6879	43246	109
6880	79870	109
6881	1464	109
6882	97091	109
6883	156261	109
6884	20489	109
6885	9120	109
6886	5731	109
6889	61731	109
6890	39895	109
6893	53875	109
6894	28721	109
6895	32733	109
6896	36515	109
6897	15267	109
6898	51455	108
6899	81314	108
6901	28553	108
6904	9830	108
6905	18374	108
6906	6430	108
6907	13035	108
6908	3758	108
6909	137906	108
6910	18362	108
6911	3633	108
6912	90261	108
6913	7554	108
6914	108102	108
6915	70453	108
6916	90146	108
6917	220641	108
6919	23936	108
6920	14522	108
6922	12357	108
6923	10499	108
6927	48117	108
6928	5409	108
6929	9900	108
6930	81465	108
6931	5301	108
6932	61652	108
6933	7905	108
6934	235131	108
6935	82257	108
6936	3190	108
6937	52439	108
6938	7591	108
6939	19615	108
6940	38616	108
6941	34250	108
6942	51940	108
6943	32737	108
6944	8739	108
6948	14777	108
6949	7628	108
6952	100419	107
6953	10189	107
6954	29895	107
6956	36948	107
6957	12328	107
6958	17283	107
6961	35738	107
6962	27070	107
6964	40685	107
6965	29154	107
6966	28902	107
6967	49095	107
6968	44102	107
6969	71510	107
6970	36088	107
6972	16879	107
6973	45047	107
6974	6680	107
6975	19956	107
6976	16279	107
6977	36033	107
6979	35099	107
6980	15740	107
6982	16081	107
6983	10353	107
6984	3898	107
6985	56918	107
6986	92897	107
6987	26769	107
6988	26432	107
6989	28925	107
6990	123873	107
6991	58139	107
6992	67663	107
6994	15916	107
6995	61781	107
6997	85510	107
6998	40653	107
6999	41195	107
7000	975404	107
7001	70024	107
7003	40881	106
7004	80256	106
7005	20131	106
7006	325838	106
7007	12153	106
7008	42726	106
7010	13633	106
7011	91668	106
7012	54931	106
7013	59953	106
7015	52542	106
7016	38759	106
7017	36511	106
7018	83154	106
7021	66720	106
7022	55741	106
7023	85543	106
7024	27395	106
7028	7574	106
7030	97589	106
7032	48763	106
7034	66982	106
7035	290506	106
7036	313391	106
7037	69255	106
7038	93274	106
7039	23336	106
7040	35669	106
7041	6402	106
7042	185238	106
7045	165882	106
7047	237141	106
7048	45313	106
7050	3627	106
7051	10905	106
7052	28841	106
7053	43623	106
7055	36834	105
7056	5500	105
7057	256692	105
7058	93012	105
7059	16006	105
7060	48667	105
7061	78983	105
7062	15213	105
7063	56650	105
7064	58278	105
7066	201141	105
7067	11959	105
7068	70446	105
7069	56868	105
7070	18236	105
7071	1178	105
7072	8650	105
7073	15148	105
7074	5779	105
7076	28185	105
7077	17117	105
7078	8713	105
7079	28980	105
7081	10082	105
7082	14155	105
7083	74926	105
7084	160295	105
7085	83741	105
7086	1051221	105
7087	114232	105
7088	33382	105
7089	12222	105
7090	27103	105
7091	19274	105
7092	42772	105
7093	8334	105
7094	124274	105
7095	56014	105
7096	4787	105
7097	27871	105
7098	57025	105
7099	18731	105
7100	2378	105
7101	2054	105
7102	18946	105
7103	8315	105
7104	1280	105
7105	72655	105
7106	28647	105
7107	89841	105
7108	9573	105
7109	64481	105
7111	81256	105
7112	975413	105
7113	9532	105
7114	15900	104
7115	52847	104
7116	79075	104
7117	6862	104
7118	32218	104
7119	33909	104
7120	29596	104
7121	55045	104
7122	15037	104
7124	10530	104
7125	13261	104
7126	72521	104
7127	55189	104
7128	36582	104
7129	28464	104
7130	13469	104
7131	81286	104
7132	47332	104
7133	69128	104
7134	18751	104
7135	17042	104
7136	27598	104
7137	48876	104
7138	58779	104
7139	36104	104
7140	6142	104
7141	109063	104
7142	108043	104
7143	34559	104
7144	229286	104
7145	72927	104
7147	58525	104
7148	31251	104
7149	13254	104
7150	65501	104
7151	45208	104
7152	36178	104
7153	77221	104
7154	18217	104
7155	22664	104
7156	66461	104
7157	17864	104
7158	82409	104
7159	57250	104
7160	28611	104
7161	2097	104
7162	9707	104
7163	24589	104
7165	88420	104
7166	480	104
7167	16382	103
7168	18549	103
7169	35681	103
7170	29181	103
7171	12893	103
7172	14364	103
7173	36343	103
7175	4076	103
7176	110850	103
7177	110320	103
7178	27134	103
7179	92615	103
7181	147894	103
7182	16770	103
7183	14103	103
7184	66833	103
7185	51561	103
7186	27845	103
7187	14093	103
7189	6493	103
7190	161145	103
7191	48699	103
7192	43087	103
7193	157649	103
7194	34694	103
7195	942972	103
7196	18518	103
7197	147181	103
7198	42550	103
7200	38960	103
7201	48493	103
7203	217242	103
7204	1313	103
7205	514596	103
7206	19819	103
7207	121337	103
7211	138652	103
7212	47143	103
7213	79470	103
7215	24481	103
7216	52128	103
7218	57819	103
7219	1245567	103
7220	43226	103
7222	36139	103
7223	1638444	102
7224	38646	102
7225	22749	102
7227	26798	102
7229	30912	102
7230	16918	102
7232	20017	102
7233	108779	102
7234	59715	102
7235	96141	102
7236	91586	102
7238	9861	102
7239	227490	102
7240	33902	102
7241	57436	102
7242	15435	102
7243	3880	102
7244	555	102
7248	182160	102
7249	27645	102
7251	23790	102
7252	7417	102
7253	17641	102
7254	16557	102
7255	2589	102
7256	35648	102
7257	103949	102
7259	18293	102
7260	18855	102
7261	28556	102
7262	81904	102
7263	58731	102
7264	79369	102
7265	7515	102
7266	18854	102
7267	35745	102
7268	64979	101
7269	5894	101
7270	39982	101
7271	16909	101
7272	29187	101
7273	14889	101
7274	8624	101
7276	18062	101
7277	1668	101
7280	48660	101
7282	48670	101
7283	83749	101
7284	5501	101
7285	73100	101
7286	56738	101
7287	27796	101
7288	58662	101
7289	100599	101
7290	37007	101
7291	65829	101
7292	3472	101
7294	25934	101
7295	20567	101
7296	50775	101
7297	73133	101
7298	16266	101
7299	3468	101
7300	9634	101
7301	22081	101
7302	39150	101
7303	8352	101
7304	125352	101
7306	310571	101
7308	14481	101
7309	308831	101
7310	767	101
7311	60278	101
7312	167619	101
7313	241359	101
7315	4080	101
7316	78897	101
7317	7078	101
7318	10921	101
7320	15295	101
7321	4876	101
7322	21577	101
7324	19679	101
7325	51963	101
7326	85850	101
7327	16043	101
7328	89291	101
7330	25725	101
7331	2081	101
7332	4234	100
7334	21065	100
7335	36224	100
7336	255595	100
7337	13926	100
7338	23372	100
7339	29395	100
7340	22327	100
7342	88911	100
7343	100417	100
7344	16026	100
7345	28539	100
7346	19204	100
7350	93255	100
7351	39153	100
7352	36074	100
7353	17745	100
7354	36187	100
7355	285898	100
7357	88109	100
7358	48259	100
7359	34405	100
7360	13232	100
7362	28300	100
7363	310261	100
7364	48250	100
7365	71987	100
7366	68006	100
7367	88722	100
7368	5552	100
7369	13573	100
7371	23232	100
7372	50947	100
7373	43059	100
7375	42437	100
7376	42974	100
7377	18215	100
7378	18303	100
7379	95287	100
7380	217064	100
7381	4071	100
7382	7136	99
7383	43593	99
7384	13684	99
7385	59181	99
7386	93011	99
7388	9585	99
7390	50665	99
7391	52814	99
7393	64210	99
7394	50458	99
7395	49896	99
7396	14215	99
7397	16521	99
7398	206893	99
7399	32064	99
7400	42797	99
7401	16442	99
7403	33809	99
7405	279029	99
7406	27943	99
7407	4670	99
7408	2904	99
7410	17668	99
7411	187482	99
7412	22179	99
7414	15077	99
7415	9289	99
7416	35586	99
7417	3873	99
7418	22681	99
7419	100354	99
7420	43442	99
7421	5530	99
7422	57479	99
7424	21966	99
7426	117419	99
7427	48253	99
7428	6783	99
7429	643	99
7430	9974	99
7431	45349	99
7432	109953	99
7433	93195	99
7435	109351	99
7436	44830	98
7437	287082	98
7438	72722	98
7439	184177	98
7440	8543	98
7441	2110	98
7442	8675	98
7443	29257	98
7444	25106	98
7445	3899	98
7446	584373	98
7447	35595	98
7448	29765	98
7449	22277	98
7450	667	98
7451	159761	98
7452	18539	98
7453	93453	98
7455	831974	98
7456	26718	98
7457	81991	98
7458	10953	98
7459	17630	98
7460	12347	98
7461	27934	98
7462	70896	98
7463	20741	98
7464	119573	98
7466	56666	98
7467	33003	98
7468	16261	98
7470	28086	98
7471	109407	98
7473	22513	98
7474	14349	98
7475	4184	98
7477	80352	98
7480	25921	98
7481	73018	98
7482	2206	98
7483	65328	98
7484	65290	98
7485	34750	98
7486	109748	98
7487	89950	98
7488	33905	98
7489	88194	98
7490	57832	98
7491	25077	98
7492	13475	98
7493	17780	98
7494	73529	98
7495	6046	98
7496	101365	98
7497	158	98
7498	39060	97
7499	8683	97
7500	16668	97
7501	19664	97
7502	35352	97
7504	16147	97
7505	4255	97
7506	5605	97
7507	6483	97
7509	11307	97
7510	835772	97
7511	212454	97
7512	213333	97
7513	3215	97
7514	34973	97
7515	53825	97
7516	41855	97
7517	15937	97
7519	22706	97
7520	87577	97
7521	28924	97
7523	74057	97
7524	114037	97
7525	117476	97
7527	18171	97
7528	72760	97
7529	414027	97
7530	48694	97
7532	116752	97
7535	73022	97
7536	32803	97
7537	6021	97
7538	50426	97
7539	44664	97
7540	59639	97
7541	76767	97
7543	58059	97
7544	18382	97
7545	17074	97
7546	16029	97
7547	6275	97
7548	26661	97
7550	468826	97
7551	4664	97
7553	18824	97
7554	14059	97
7555	27124	97
7556	11895	97
7557	295152	97
7558	806	97
7559	40120	97
7560	56142	97
7563	59044	97
7564	65466	97
7565	24257	97
7567	44996	96
7568	28995	96
7569	43018	96
7570	55395	96
7572	7629	96
7573	18406	96
7574	9950	96
7575	25971	96
7576	18338	96
7577	1468	96
7578	16774	96
7579	57365	96
7580	8721	96
7581	80249	96
7582	101160	96
7584	8356	96
7585	36054	96
7586	164318	96
7589	5079	96
7590	15390	96
7592	106646	96
7593	52998	96
7595	150972	96
7596	40185	96
7598	1584	96
7599	16332	96
7600	45240	96
7601	16987	96
7602	81542	96
7603	23066	96
7604	248048	96
7605	41847	96
7606	58035	96
7607	61958	96
7608	39030	96
7609	15684	96
7610	97808	96
7611	22600	96
7612	23789	96
7614	26836	96
7615	9316	96
7616	60683	96
7617	48734	96
7619	57067	96
7620	29301	96
7621	38050	96
7622	42651	96
7623	224926	96
7624	93000	96
7625	19052	96
7626	24879	96
7627	26255	96
7628	22643	95
7629	4737	95
7630	19508	95
7631	4831	95
7633	79961	95
7634	101372	95
7635	38397	95
7636	96896	95
7637	17193	95
7638	20585	95
7639	40844	95
7640	89897	95
7641	4277	95
7642	5972	95
7645	49920	95
7646	68	95
7649	36790	95
7650	7842	95
7651	147007	95
7652	15038	95
7654	74726	95
7655	34916	95
7656	5777	95
7658	65523	95
7659	66352	95
7660	42370	95
7662	26717	95
7663	32948	95
7664	133451	95
7665	39729	95
7666	19085	95
7667	5118	95
7669	16119	95
7671	36587	95
7672	23596	95
7673	35477	95
7675	39505	95
7676	7979	95
7677	124321	95
7678	16926	95
7679	79474	95
7681	29055	95
7682	20350	95
7683	18429	95
7685	28291	95
7686	10417	94
7687	114720	94
7688	51487	94
7689	12348	94
7690	30156	94
7691	10071	94
7692	39784	94
7693	15981	94
7694	9807	94
7695	81370	94
7696	18402	94
7697	6259	94
7698	23592	94
7699	67137	94
7700	111913	94
7701	28181	94
7702	8978	94
7704	2333	94
7705	81756	94
7707	89553	94
7708	40908	94
7709	5493	94
7710	44370	94
7711	163624	94
7712	85571	94
7713	22742	94
7714	13210	94
7715	23486	94
7716	11280	94
7717	12836	94
7718	223409	94
7719	91841	94
7720	204349	94
7721	16872	94
7722	82974	94
7723	79753	94
7724	36091	94
7725	47199	94
7726	15211	94
7727	19785	94
7728	49334	94
7729	28327	94
7730	73042	94
7732	19051	94
7734	14589	94
7735	81546	94
7736	278787	94
7737	4611	94
7738	22786	94
7740	20165	93
7741	16512	93
7742	27964	93
7743	4195	93
7744	80321	93
7745	98160	93
7746	52172	93
7747	39746	93
7749	17089	93
7750	12343	93
7751	65667	93
7752	40873	93
7753	77285	93
7754	82203	93
7756	83115	93
7757	52226	93
7758	125266	93
7759	55337	93
7760	18003	93
7762	68621	93
7763	196236	93
7764	2098	93
7765	13431	93
7766	104294	93
7768	144588	93
7769	70444	93
7771	10063	93
7772	118778	93
7773	35929	93
7775	92741	93
7776	108080	93
7777	27100	93
7778	39214	93
7779	324971	93
7780	22011	93
7781	15550	93
7782	35613	93
7783	43763	93
7784	39333	93
7785	35612	93
7786	29315	93
7787	91092	93
7788	9793	93
7789	13333	93
7790	42850	93
7792	40988	93
7793	79874	93
7794	67261	93
7796	55164	93
7797	190533	93
7798	4709	93
7799	337564	93
7800	15559	93
7802	35421	93
7804	23634	93
7805	65383	93
7806	41654	93
7807	2651	93
7808	21156	93
7809	97228	93
7811	797622	92
7812	45145	92
7813	48841	92
7814	191051	92
7815	112415	92
7816	84494	92
7817	39250	92
7818	119602	92
7819	12266	92
7820	160142	92
7821	89143	92
7822	53451	92
7824	156883	92
7826	66238	92
7827	287109	92
7828	160883	92
7829	21081	92
7830	70491	92
7831	54656	92
7832	47031	92
7834	4318	92
7835	9048	92
7836	39095	92
7837	193973	92
7838	3905	92
7839	75180	92
7840	235	92
7843	38030	92
7844	27751	92
7845	53466	92
7846	4015	92
7848	7627	92
7849	4646	92
7850	25416	92
7852	7293	92
7854	69679	92
7855	8887	92
7856	21693	92
7857	50230	92
7858	48383	92
7859	18041	92
7860	684	92
7861	40658	92
7862	57645	92
7863	149575	92
7865	106990	92
7867	44812	92
7868	110385	92
7869	21549	92
7870	60703	92
7871	120846	92
7872	9763	92
7873	48778	92
7874	42997	92
7875	5266	92
7877	232230	91
7878	18390	91
7879	18984	91
7880	38946	91
7881	32660	91
7882	10026	91
7883	4105	91
7885	24813	91
7886	17920	91
7888	48795	91
7889	144826	91
7890	52121	91
7891	23679	91
7892	132899	91
7893	282764	91
7894	33968	91
7895	57395	91
7896	35961	91
7897	16113	91
7898	26165	91
7899	132135	91
7900	29963	91
7901	17177	91
7902	389063	91
7903	44408	91
7904	91582	91
7905	2812	91
7906	8539	91
7908	25444	91
7909	41789	91
7910	103633	91
7911	123500	91
7912	20736	91
7915	173345	91
7916	32719	91
7917	29825	91
7918	151867	91
7920	33922	91
7921	74666	91
7922	7928	91
7923	73234	91
7924	53148	91
7925	46683	91
7926	10570	91
7927	16161	91
7929	1586	91
7931	40435	91
7932	68619	91
7933	39120	91
7936	9480	91
7937	15831	91
7940	41197	91
7941	72988	91
7942	138155	90
7943	22984	90
7944	42102	90
7945	109282	90
7947	14676	90
7948	51538	90
7949	124232	90
7950	179922	90
7951	8744	90
7952	317237	90
7953	74449	90
7954	18333	90
7955	18325	90
7956	159812	90
7958	10328	90
7959	9886	90
7960	31389	90
7961	104579	90
7962	89836	90
7963	1352	90
7964	114654	90
7965	41765	90
7966	10439	90
7967	114448	90
7968	70858	90
7970	119895	90
7972	21604	90
7973	7162	90
7974	109517	90
7975	29143	90
7976	9666	90
7978	238242	90
7980	16809	90
7981	9024	90
7982	48468	90
7983	16463	90
7984	20172	90
7986	13965	90
7987	13947	90
7988	82434	90
7989	16037	90
7990	96956	90
7991	27102	90
7993	26536	90
7994	8860	90
7995	20918	90
7996	73185	90
7997	6314	90
7998	21466	90
7999	102337	90
8000	18246	90
8001	47134	90
8002	88392	90
8003	22569	90
8004	6165	90
8005	10591	89
8006	18277	89
8007	36395	89
8008	38991	89
8009	44848	89
8010	17519	89
8011	124989	89
8012	2356735	89
8013	46713	89
8014	42938	89
8015	35743	89
8016	161912	89
8017	61667	89
8018	24148	89
8020	31506	89
8021	5170	89
8022	29009	89
8023	9614	89
8024	28305	89
8025	81439	89
8026	57344	89
8028	23241	89
8029	17992	89
8030	625429	89
8031	9972	89
8033	17791	89
8034	278949	89
8035	43065	89
8036	18165	89
8037	584	89
8038	17413	89
8039	55768	89
8040	46042	89
8041	29044	89
8043	64925	89
8044	40031	89
8045	11384	89
8047	4493	89
8048	15988	89
8049	7033	89
8050	16109	89
8051	75324	89
8052	820	89
8053	18249	89
8054	6755	89
8055	32159	89
8056	29148	89
8057	45915	89
8059	24910	89
8062	7087	89
8063	328	89
8064	1612	89
8065	5178	89
8066	51058	89
8067	16934	89
8068	23857	89
8069	20351	89
8070	49910	89
8071	1126031	89
8072	27840	88
8073	662580	88
8074	109289	88
8075	19699	88
8076	64543	88
8077	26149	88
8078	24912	88
8079	9203	88
8080	167513	88
8081	34462	88
8082	107037	88
8085	8366	88
8087	13351	88
8089	99547	88
8090	3135	88
8091	18841	88
8092	16718	88
8093	15165	88
8094	137994	88
8095	68666	88
8096	40518	88
8097	3759	88
8098	81905	88
8100	47324	88
8101	98102	88
8102	41543	88
8103	20593	88
8106	27203	88
8107	7926	88
8108	100598	88
8109	5294	88
8110	48984	88
8111	27672	88
8112	38657	88
8113	11639	88
8114	27785	88
8115	33935	88
8116	2756	88
8117	1530	88
8118	7805	88
8119	29388	88
8120	3281	88
8121	18524	88
8123	124340	88
8124	1669	88
8126	35589	88
8127	39780	88
8128	144587	88
8129	85873	88
8130	42455	88
8131	3937	88
8133	6110	88
8134	4296	88
8135	52556	88
8137	1428	88
8138	18960	88
8139	144550	87
8140	59180	87
8141	42944	87
8142	42994	87
8143	57320	87
8145	36381	87
8146	45562	87
8147	41872	87
8148	133569	87
8149	50837	87
8150	65462	87
8151	13432	87
8152	44838	87
8153	52822	87
8154	17727	87
8155	103964	87
8156	59566	87
8157	16483	87
8158	17957	87
8159	48472	87
8160	27557	87
8161	109308	87
8162	4545	87
8163	366458	87
8164	28353	87
8165	133336	87
8166	45718	87
8167	104824	87
8168	6344	87
8169	36144	87
8170	74564	87
8171	17092	87
8173	10477	87
8174	65461	87
8175	22764	87
8176	3773	87
8178	232215	87
8179	816945	87
8180	18100	87
8181	114255	87
8182	40616	87
8183	16247	87
8185	5796	87
8186	117360	87
8188	4049	87
8189	35701	87
8190	37098	87
8191	137900	87
8192	16772	87
8194	52246	87
8195	41542	87
8196	28259	87
8197	8349	87
8198	25361	87
8199	736	87
8200	91499	87
8201	16035	87
8202	2665	87
8203	29591	87
8204	10078	87
8205	6923	87
8206	56642	87
8207	17039	87
8208	37038	87
8209	22731	86
8210	106890	86
8211	3882	86
8213	98146	86
8214	11137	86
8215	59703	86
8216	40271	86
8218	9740	86
8219	34749	86
8220	20700	86
8221	53674	86
8222	67067	86
8223	86165	86
8224	36226	86
8225	24829	86
8226	51491	86
8227	17181	86
8229	253187	86
8230	8373	86
8231	18050	86
8232	147557	86
8233	69409	86
8234	68494	86
8235	27309	86
8237	4481	86
8238	21592	86
8239	115797	86
8240	23215	86
8241	55127	86
8242	35784	86
8243	63550	86
8244	11415	86
8246	14803	86
8247	252629	86
8248	36111	86
8249	2158	86
8250	40702	86
8251	2851	86
8252	23443	86
8253	8867	86
8254	60120	86
8255	102704	86
8256	25203	86
8257	15514	86
8258	79999	86
8259	97548	86
8260	95144	86
8261	36349	86
8262	204136	86
8263	55133	86
8264	50562	86
8265	34707	86
8266	46015	86
8267	81160	86
8268	3062	86
8269	4057	86
8270	27163	86
8272	232374	86
8273	16558	86
8274	2608	86
8276	32823	86
8277	27122	86
8278	16395	85
8279	116571	85
8280	24847	85
8281	51725	85
8284	68541	85
8287	7577	85
8288	7095	85
8289	13912	85
8290	15339	85
8291	22481	85
8293	49134	85
8294	7656	85
8295	90524	85
8296	975407	85
8297	282481	85
8298	118768	85
8299	187401	85
8300	27770	85
8301	29310	85
8302	13295	85
8304	75000	85
8305	16151	85
8306	153190	85
8308	27464	85
8309	10013	85
8310	110230	85
8311	58454	85
8312	64965	85
8313	38468	85
8314	81409	85
8315	52705	85
8316	107025	85
8317	67078	85
8318	18431	85
8319	119343	85
8320	31126	85
8321	27774	85
8322	255744	85
8323	9667	85
8324	139744	85
8326	13348	85
8327	21550	85
8328	40726	85
8329	158871	85
8330	16554	85
8332	70485	85
8333	15485	85
8334	11236	85
8335	16242	85
8336	92845	85
8337	34262	85
8338	27782	84
8339	12962	84
8340	16805	84
8341	77417	84
8342	35051	84
8343	2311	84
8344	44152	84
8345	5463	84
8346	155107	84
8347	11743	84
8348	49898	84
8349	26587	84
8350	181580	84
8351	10601	84
8352	384943	84
8353	16415	84
8354	9390	84
8355	48674	84
8356	24421	84
8357	75674	84
8358	61406	84
8359	101189	84
8360	17281	84
8361	45036	84
8362	140446	84
8363	120083	84
8364	21500	84
8365	31437	84
8366	42302	84
8367	112885	84
8368	5411	84
8369	17029	84
8371	73015	84
8372	19540	84
8373	23742	84
8374	40459	84
8375	17533	84
8376	27928	84
8377	163732	84
8378	658954	84
8379	112877	84
8380	120116	84
8381	17075	84
8382	9802	84
8383	35763	84
8384	18993	84
8385	18603	84
8386	10661	84
8387	177265	84
8388	33798	84
8389	39257	84
8391	2877	84
8392	602	84
8394	16529	84
8395	70720	84
8396	24868	84
8397	11508	84
8398	40059	84
8400	414030	84
8401	638	84
8402	28310	84
8403	68848	84
8406	24209	84
8408	22379	84
8409	121985	84
8410	53250	84
8411	43516	83
8412	28860	83
8413	36038	83
8414	116585	83
8415	90951	83
8416	5791	83
8417	48658	83
8418	53052	83
8419	23901	83
8420	48443	83
8422	2775	83
8423	9727	83
8424	122514	83
8425	18268	83
8426	50305	83
8427	100430	83
8428	38797	83
8429	45132	83
8430	8027	83
8431	878	83
8432	69744	83
8433	119543	83
8434	14896	83
8435	7507	83
8436	3039	83
8437	136879	83
8438	75617	83
8439	16059	83
8440	71073	83
8441	55321	83
8442	9757	83
8443	73161	83
8444	42833	83
8445	78930	83
8447	3907	83
8448	64455	83
8449	53529	83
8450	26722	83
8451	2653	83
8452	53828	83
8453	100501	83
8454	118806	83
8455	160038	83
8456	22310	83
8457	18575	83
8458	21695	83
8459	13665	83
8460	2817	83
8461	37344	83
8463	134213	83
8464	68915	83
8465	103333	83
8467	38572	83
8468	58907	83
8469	60037	83
8472	9934	83
8473	249545	83
8474	3082	83
8475	14241	83
8478	51071	83
8479	6832	83
8480	18157	83
8481	40902	83
8482	7840	83
8483	321	83
8484	59622	83
8485	35333	82
8486	39754	82
8487	6662	82
8490	194571	82
8491	14202	82
8492	91993	82
8493	16591	82
8494	69413	82
8495	112948	82
8496	37160	82
8497	6109	82
8498	64307	82
8499	16038	82
8500	44295	82
8501	15666	82
8502	9564	82
8503	145331	82
8505	51171	82
8506	26559	82
8509	17025	82
8510	74885	82
8511	106582	82
8512	75589	82
8513	38396	82
8514	232548	82
8515	250909	82
8516	51981	82
8517	97083	82
8518	117420	82
8519	502402	82
8520	8375	82
8521	24488	82
8522	701059	82
8523	88350	82
8524	69648	82
8525	27773	82
8526	100297	82
8527	42758	82
8528	18634	82
8529	61962	82
8531	53136	82
8533	85455	82
8534	10211	82
8535	7030	82
8537	5308	82
8538	12669	82
8539	74621	82
8540	4589	82
8541	13448	82
8543	52189	81
8545	49514	81
8546	35436	81
8548	41751	81
8549	42643	81
8550	8803	81
8551	3432	81
8552	16622	81
8553	22729	81
8555	3814	81
8556	2630	81
8557	18235	81
8558	122971	81
8559	50214	81
8560	109385	81
8561	43283	81
8562	36020	81
8563	34900	81
8565	2114	81
8567	288488	81
8568	42621	81
8569	19555	81
8570	162366	81
8571	35512	81
8572	68293	81
8573	4248	81
8575	106806	81
8577	100439	81
8579	6321	81
8580	55684	81
8581	94580	81
8582	12807	81
8583	53978	81
8585	84002	81
8587	65524	81
8588	17078	81
8589	250198	81
8590	93413	81
8591	50467	81
8592	101412	81
8593	5084	81
8594	33714	81
8595	39836	81
8596	16871	81
8597	133531	81
8598	19197	81
8599	109484	81
8600	80268	81
8601	638708	81
8602	41517	81
8603	108092	81
8604	123783	81
8605	27364	81
8607	55052	81
8608	48773	81
8609	16559	81
8610	311610	81
8611	44449	81
8612	75583	81
8613	4806	81
8614	9591	81
8616	9633	81
8617	23055	81
8618	352137	81
8619	32253	81
8620	52858	81
8621	6654	81
8622	17187	81
8623	73204	81
8624	1140946	81
8625	39302	81
8626	157289	81
8627	92647	81
8628	28434	81
8629	50956	81
8630	12882	81
8631	38374	80
8632	248844	80
8633	52951	80
8634	75091	80
8635	25003	80
8636	14461	80
8637	55393	80
8638	37130	80
8639	79032	80
8640	103308	80
8641	34193	80
8642	17491	80
8643	46821	80
8644	13706	80
8645	10048	80
8646	12806	80
8648	3720	80
8649	37779	80
8650	8954	80
8651	76198	80
8652	24812	80
8653	51244	80
8654	209898	80
8655	27438	80
8656	20338	80
8657	13730	80
8658	159775	80
8659	264708	80
8660	33638	80
8661	112201	80
8662	92598	80
8663	56163	80
8664	28536	80
8665	148895	80
8666	68026	80
8667	10386	80
8668	86823	80
8669	26541	80
8670	8916	80
8672	40203	80
8673	59125	80
8674	34404	80
8675	35056	80
8676	3884	80
8678	44416	80
8679	17986	80
8680	70030	80
8681	16688	80
8682	41234	80
8684	20370	80
8685	37316	80
8686	65556	80
8687	32209	80
8688	3944	80
8689	3853	80
8690	4685	80
8691	83249	80
8692	14916	80
8693	73540	80
8694	35981	80
8695	20141	80
8696	33607	80
8697	37126	80
8698	116997	80
8699	65327	80
8700	59483	80
8701	9398	80
8702	14597	80
8704	70346	80
8706	100892	80
8707	42072	80
8708	23391	80
8709	75077	80
8710	502560	80
8711	45404	80
8712	165776	80
8713	54252	80
8714	16207	80
8715	58077	80
8716	83412	80
8717	166112	80
8718	40115	80
8719	21793	79
8720	113058	79
8721	16424	79
8724	281515	79
8725	17619	79
8726	17858	79
8727	85795	79
8728	15399	79
8729	338604	79
8731	69659	79
8732	40615	79
8733	19879	79
8734	52708	79
8735	75163	79
8736	203352	79
8737	104725	79
8738	35742	79
8739	68256	79
8740	220797	79
8741	39872	79
8742	97318	79
8743	92743	79
8744	31501	79
8745	35741	79
8746	56925	79
8748	39337	79
8749	61192	79
8751	58177	79
8752	65460	79
8753	50580	79
8754	94712	79
8756	49637	79
8758	92831	79
8759	3093	79
8760	79287	79
8761	7794	79
8762	18927	79
8763	28197	79
8764	5652	79
8765	110675	79
8766	192669	79
8767	23218	79
8768	824486	79
8769	781	79
8770	49139	79
8771	29230	79
8772	6341	79
8774	13987	79
8775	165754	79
8777	16754	79
8778	115018	79
8779	149321	79
8780	16743	79
8782	16226	79
8783	7494	79
8784	36161	79
8785	51059	79
8786	46881	79
8787	49491	79
8788	85309	79
8789	30372	79
8790	52709	78
8791	202580	78
8792	80432	78
8793	20594	78
8794	69876	78
8795	95149	78
8796	55047	78
8797	12279	78
8798	1465	78
8799	55434	78
8800	172675	78
8801	160748	78
8802	16360	78
8803	10383	78
8804	16057	78
8805	67163	78
8806	30490	78
8807	114048	78
8808	60340	78
8809	23685	78
8810	68419	78
8812	104886	78
8813	92715	78
8814	4214	78
8815	75435	78
8816	88398	78
8817	311228	78
8818	6388	78
8819	298242	78
8820	2285	78
8821	498544	78
8822	20158	78
8823	49091	78
8824	100474	78
8825	18077	78
8826	84717	78
8827	163023	78
8828	101304	78
8829	63146	78
8830	98180	78
8831	955012	78
8832	66759	78
8833	5269	78
8834	11675	78
8836	18712	78
8837	18752	78
8839	35826	78
8840	49090	78
8841	34992	78
8843	17597	78
8844	52000	78
8845	27697	78
8846	21984	78
8847	430236	78
8848	100586	78
8849	100432	78
8850	2660	78
8853	40704	78
8854	117147	78
8855	3220	78
8857	6920	78
8858	166561	78
8859	82095	78
8860	59280	78
8861	59363	78
8862	48727	78
8863	39037	78
8864	2935	78
8865	120166	78
8866	21485	78
8867	5073	78
8868	1788	78
8869	59335	78
8870	135376	78
8871	98241	78
8872	21752	77
8873	3549	77
8874	48716	77
8875	91331	77
8876	86335	77
8877	50669	77
8878	223299	77
8879	16516	77
8880	58230	77
8881	2875	77
8882	20603	77
8883	123932	77
8884	53423	77
8885	67818	77
8887	82206	77
8888	21749	77
8889	73089	77
8890	17276	77
8892	72720	77
8893	360203	77
8894	51589	77
8895	39253	77
8896	18522	77
8897	92812	77
8898	23114	77
8900	70631	77
8901	69878	77
8902	67855	77
8903	14518	77
8905	18024	77
8906	22507	77
8907	104580	77
8908	28044	77
8909	17611	77
8910	48696	77
8911	4411	77
8912	25775	77
8914	26823	77
8915	22304	77
8916	124603	77
8917	1053016	77
8918	459769	77
8919	99113	77
8920	48649	77
8921	65851	77
8922	31894	77
8923	99978	77
8924	14126	77
8925	61893	77
8926	4013	77
8927	97451	77
8928	70488	77
8929	79766	77
8930	74584	77
8931	3317	77
8932	12708	77
8934	51821	77
8935	11053	77
8936	246333	77
8938	43489	77
8939	9842	77
8940	53783	77
8941	52096	77
8942	32692	77
8943	8365	77
8944	94104	77
8945	288	77
8946	8637	77
8947	100791	77
8948	50606	77
8949	291282	77
8950	72765	77
8951	10285	77
8952	39270	77
8953	69962	77
8954	26830	77
8957	11025	77
8958	373438	77
8959	4225	77
8961	4019	77
8962	58209	77
8963	99959	76
8964	13437	76
8965	156984	76
8966	28508	76
8967	8955	76
8968	51326	76
8969	89844	76
8970	39530	76
8971	75939	76
8972	208747	76
8973	27515	76
8974	35762	76
8976	123931	76
8977	144589	76
8978	6172	76
8979	23878	76
8980	153560	76
8981	132058	76
8983	3934	76
8985	28279	76
8986	42660	76
8987	2634	76
8988	37217	76
8990	52322	76
8992	19021	76
8993	117852	76
8994	48736	76
8995	112526	76
8997	78879	76
8998	17402	76
8999	8412	76
9000	74711	76
9001	174782	76
9002	41763	76
9003	103391	76
9004	18715	76
9005	19132	76
9006	27275	76
9007	34586	76
9008	123422	76
9010	107210	76
9011	59522	76
9012	28114	76
9013	96962	76
9014	112626	76
9015	15961	76
9016	27793	76
9017	43334	76
9018	44353	76
9019	27250	76
9021	76067	76
9022	16533	76
9023	19164	76
9024	49124	76
9025	29698	76
9026	86065	76
9027	4016	76
9028	23503	76
9029	13637	76
9030	196036	76
9031	22771	76
9032	502492	76
9033	66446	76
9034	5235	76
9035	5820	76
9036	20041	76
9037	6247	76
9038	95430	76
9039	16651	76
9041	68888	76
9042	104881	76
9043	46403	76
9044	15950	76
9045	235269	76
9046	40566	76
9047	20106	76
9049	46016	76
9050	2857	76
9051	64521	76
9052	13118	75
9053	117893	75
9054	81992	75
9055	26181	75
9056	19309	75
9057	23146	75
9058	53456	75
9059	1693	75
9060	27218	75
9061	70333	75
9062	41762	75
9063	172042	75
9065	48196	75
9066	28308	75
9067	4615	75
9068	98463	75
9069	57754	75
9070	37186	75
9071	9652	75
9072	41136	75
9073	66148	75
9074	5024	75
9075	60835	75
9076	3519	75
9077	79802	75
9078	15813	75
9079	413172	75
9081	16251	75
9082	9602	75
9083	5051	75
9084	42346	75
9085	60185	75
9086	70158	75
9087	81715	75
9088	81924	75
9089	5484	75
9090	68074	75
9091	117921	75
9092	37024	75
9093	106953	75
9094	41463	75
9095	29170	75
9096	94995	75
9097	37676	75
9098	30243	75
9099	5323	75
9100	232143	75
9101	23117	75
9102	58941	75
9103	59053	75
9104	27457	75
9105	70094	75
9106	57565	75
9107	2873588	75
9108	98222	75
9110	4483	75
9111	21165	75
9112	80401	75
9113	149412	75
9114	15242	75
9115	51541	75
9116	135979	75
9117	15164	75
9118	46091	75
9119	295375	75
9120	146614	75
9121	28858	75
9122	112788	75
9123	13451	75
9124	217224	75
9125	22578	75
9126	222264	75
9127	67452	75
9128	165769	75
9129	18481	75
9130	112193	75
9131	6353	75
9132	13411	75
9133	27273	75
9134	97611	75
9135	15579	75
9136	90157	75
9137	219668	75
9138	328279	75
9139	25138	74
9140	111410	74
9141	2831	74
9142	42529	74
9143	16310	74
9144	53969	74
9145	43259	74
9146	52263	74
9147	99125	74
9148	40170	74
9149	51260	74
9150	54007	74
9151	410	74
9153	44599	74
9154	384806	74
9156	9168	74
9157	55405	74
9158	50925	74
9159	15314	74
9160	51164	74
9161	2823	74
9162	7752	74
9163	116589	74
9164	48350	74
9165	286500	74
9166	9177	74
9168	354213	74
9169	119492	74
9170	98110	74
9171	67736	74
9172	5837	74
9173	1883	74
9174	22174	74
9175	13840	74
9176	34569	74
9177	11215	74
9178	24600	74
9180	37964	74
9181	86372	74
9182	34478	74
9184	2872268	74
9185	39274	74
9186	75609	74
9187	32154	74
9188	44209	74
9189	49587	74
9190	54550	74
9191	18819	74
9192	112850	74
9193	74934	74
9194	117953	74
9195	93986	74
9196	35744	74
9197	31680	74
9199	36416	74
9200	86663	74
9201	69459	74
9202	18266	74
9203	1072	74
9204	45337	74
9205	34683	74
9206	25621	74
9207	12964	74
9208	53065	74
9209	27370	74
9210	35940	74
9211	18283	74
9212	42378	74
9213	25484	74
9214	17160	74
9215	5067	74
9216	25959	74
9217	25841	74
9218	10489	74
9219	101260	74
9220	50309	74
9221	14578	74
9222	93796	74
9223	5063	74
9224	69993	74
9226	32220	74
9227	89289	74
9228	72806	73
9229	27882	73
9230	123509	73
9231	60072	73
9232	21751	73
9233	67835	73
9234	67618	73
9235	124245	73
9237	185461	73
9238	108078	73
9240	225010	73
9242	60318	73
9243	89523	73
9244	23496	73
9245	37117	73
9246	52700	73
9248	48673	73
9249	78841	73
9250	16921	73
9251	18179	73
9252	281978	73
9253	42354	73
9254	76540	73
9255	16773	73
9256	513112	73
9258	6572	73
9259	64973	73
9260	137407	73
9262	430678	73
9263	4892	73
9264	24800	73
9265	60257	73
9266	2982	73
9267	17560	73
9268	48764	73
9269	50308	73
9270	4981	73
9271	96964	73
9272	130302	73
9273	40621	73
9274	91102	73
9275	929	73
9276	174952	73
9278	39218	73
9279	55668	73
9280	87191	73
9281	36548	73
9282	601251	73
9283	1233	73
9284	10278	73
9285	28712	73
9286	14120	73
9287	59178	73
9289	205088	73
9291	161112	73
9292	16596	73
9293	23612	73
9294	7434	73
9295	54895	73
9296	27931	73
9297	134755	73
9298	36402	73
9299	97623	73
9300	39728	73
9301	18330	73
9302	8789	73
9303	34762	73
9304	42005	73
9305	48244	73
9306	153632	73
9307	39016	73
9308	188640	73
9309	37488	73
9310	98462	73
9311	14225	73
9312	3233	73
9313	38488	73
9314	10056	73
9315	51728	73
9316	124231	73
