	artist_id	count
0	25	21852
1	55	8363
2	54	6906
3	153	6633
4	27	6563
5	10554	6225
6	1602	5334
7	182	4514
8	470	4506
9	249	4409
10	15109	4404
11	4115	4294
12	301	4272
13	1687	4136
14	379	3936
15	3	3799
16	7907	3772
17	1514	3621
18	3915	3549
19	139	3508
20	245	3469
21	1	3460
22	243	3421
23	1339	3376
24	171	3259
25	13219	3212
26	8651	3191
27	8852	3164
28	172	3067
29	374	3060
30	4207	3013
31	4081	2929
32	6773	2914
33	9716	2866
34	316	2851
35	41694	2830
36	279	2804
37	46	2789
38	132	2783
39	438	2743
40	42891	2706
41	60	2677
42	14365	2667
43	4558	2654
44	145	2640
45	7661	2628
46	1651	2627
47	8	2613
48	368	2601
49	384	2593
50	99	2575
51	9141	2549
52	7904	2529
53	7040	2509
54	4171	2450
55	1144	2444
56	6395	2441
57	266	2418
58	185	2396
59	43	2329
60	135	2328
61	11281	2316
62	46786	2298
63	32553	2266
64	7403	2255
65	6872	2251
66	283	2239
67	6852	2229
68	1899	2209
69	8139	2130
70	40947	2128
71	2353	2117
72	2173	2106
73	67	2073
74	1871	2072
75	2868	2069
76	14138	2024
77	28551	2024
78	362	1995
79	13745	1989
80	173917	1984
81	7	1971
82	1666	1960
83	402	1953
84	7908	1948
85	350	1916
86	320	1907
87	140	1905
88	141	1899
89	3690	1895
90	13719	1895
91	4112	1891
92	13286	1891
93	22469	1874
94	7042	1866
95	1696	1841
96	6198	1829
97	49657	1812
98	872	1803
99	73077	1803
100	2758	1800
101	9028	1799
102	163	1794
103	100880	1757
104	19716	1755
105	1358	1745
106	348776	1741
107	1421	1734
108	2508	1707
109	6795	1695
110	13	1695
111	2828	1692
112	417	1685
113	1092	1682
114	37650	1663
115	12085	1663
116	2558	1637
117	5860	1631
118	40620	1626
119	6847	1625
120	59	1619
121	924	1611
122	36381	1579
123	770	1568
124	2822	1550
125	27720	1532
126	6766	1525
127	4377	1524
128	71	1521
129	56	1507
130	57463	1505
131	1703	1505
132	26844	1501
133	1677	1496
134	270	1491
135	17414	1472
136	57442	1467
137	475	1441
138	689	1425
139	13243	1403
140	10522	1400
141	4890	1382
142	504	1376
143	28821	1372
144	8296	1372
145	10338	1366
146	13556	1364
147	166	1356
148	405	1354
149	1700	1353
150	1763	1353
151	8649	1344
152	347	1341
153	41027	1333
154	2549	1316
155	80437	1307
156	677	1299
157	4082	1286
158	15830	1285
159	471	1284
160	17475	1283
161	509	1275
162	85	1265
163	425	1261
164	1354	1247
165	129	1245
166	289	1230
167	13917	1224
168	2874	1220
169	241359	1210
170	1046	1202
171	8136	1192
172	17444	1189
173	154883	1188
174	9695	1177
175	93	1176
176	676	1176
177	813799	1175
178	57336	1173
179	2506	1169
180	3089	1166
181	421	1166
182	3661	1165
183	14528	1162
184	8443	1156
185	5818	1146
186	127	1137
187	32	1128
188	3026	1123
189	1648	1119
190	9039	1114
191	9237	1106
192	548	1104
193	63192	1100
194	15128	1099
195	14726	1098
196	10523	1089
197	69	1088
198	436	1086
199	2866	1081
200	429	1081
201	2967	1078
202	4035	1074
203	14562	1073
204	124231	1071
205	4206	1069
206	8988	1066
207	273	1054
208	3954	1054
209	1385	1052
210	3588	1045
211	3716	1040
212	8804	1039
213	48864	1038
214	57419	1037
215	1756	1036
216	507	1035
217	229	1035
218	2689	1032
219	269	1030
220	10112	1027
221	48	1027
222	194	1024
223	1998	1023
224	4748	1020
225	3122	1010
226	13868	1006
227	1671	1004
228	1664	1001
229	248	1000
230	3855	998
231	295	997
232	13163	987
233	8039	984
234	4475	976
235	365	970
236	3113	970
237	190	958
238	38084	956
239	3019	955
240	8773	952
241	353	949
242	23140	949
243	49948	945
244	6776	942
245	2285	939
246	52	937
247	23066	930
248	3396	927
249	450	927
250	10582	925
251	49769	923
252	18083	917
253	956860	915
254	5571	910
255	32074	904
256	9886	901
257	40	901
258	65777	898
259	9868	895
260	8263	894
261	19	892
262	8890	890
263	6230	889
264	38	883
265	290	875
266	5608	873
267	3722	872
268	6844	865
269	49067	861
270	13639	860
271	4	860
272	9424	855
273	5522	849
274	3141	849
275	9351	847
276	8358	844
277	23139	842
278	360	841
279	64	840
280	1315	836
281	686	834
282	22468	833
283	12959	833
284	5336	826
285	1680	826
286	3079	823
287	262	821
288	5397	818
289	8389	818
290	7046	818
291	148	814
292	4726	813
293	36207	812
294	13874	810
295	9916	809
296	154	809
297	406	808
298	1807	806
299	2437	806
300	8040	805
301	18170	802
302	15192	802
303	7460	801
304	16	799
305	73	799
306	111	798
307	18695	795
308	1626	792
309	9000	790
310	79077	789
311	10336	780
312	2554	779
313	4757	778
314	1201	778
315	1901	776
316	691	773
317	5327	772
318	32559	770
319	34931	770
320	234975	769
321	8853	765
322	6421	764
323	9178	761
324	15195	759
325	47	757
326	8596	757
327	1900	752
328	2476	750
329	103180	750
330	14005	749
331	37	742
332	5784	741
333	17421	740
334	146	738
335	103861	735
336	15168	734
337	76741	734
338	28687	733
339	6891	733
340	10575	732
341	44	731
342	391	731
343	7397	729
344	96	726
345	114	721
346	55368	720
347	7058	718
348	124252	718
349	52301	712
350	3517	712
351	8808	706
352	45840	706
353	224	705
354	24347	704
355	445	704
356	7395	703
357	78844	701
358	2907	698
359	13715	697
360	9334	696
361	45	695
362	15093	691
363	11180	691
364	8876	691
365	11079	690
366	6290	690
367	97	687
368	6199	685
369	3424	683
370	64145	682
371	13863	682
372	1894	680
373	14628	678
374	3875	677
375	2990	675
376	7598	674
377	188	674
378	2200	674
379	9637	670
380	238	669
381	4590	669
382	57819	665
383	372	663
384	4317	662
385	57385	662
386	93012	657
387	92	656
388	2596	656
389	10028	654
390	9147	654
391	3044	654
392	151962	653
393	9804	652
394	6385	651
395	4118	651
396	8132	647
397	5891	645
398	801	645
399	844	645
400	28778	644
401	8457	643
402	2849	643
403	2656	642
404	58426	641
405	221	640
406	2214	640
407	6335	639
408	278	639
409	47671	639
410	12452	638
411	8764	637
412	227	635
413	6183	633
414	9952	632
415	4083	632
416	9111	627
417	49002	627
418	2111	624
419	3137	624
420	6256	624
421	4398	622
422	3253	621
423	355	620
424	4487	618
425	10017	617
426	521	617
427	63999	616
428	8137	615
429	6014	614
430	432	613
431	1650	612
432	330	609
433	5473	608
434	9001	608
435	15654	607
436	453	606
437	8891	606
438	36562	605
439	7696	604
440	2603	603
441	281	601
442	8233	597
443	93584	596
444	8919	596
445	669032	594
446	9064	594
447	198	594
448	28474	593
449	57832	592
450	4134	588
451	18075	588
452	3118	587
453	57882	587
454	973	587
455	47536	587
456	1935	585
457	8597	585
458	23490	584
459	120	583
460	7959	580
461	4191	580
462	2604	578
463	17128	578
464	6668	578
465	8671	577
466	12187	577
467	131	577
468	80268	576
469	29	573
470	412	572
471	123638	570
472	9162	569
473	2267	569
474	15337	569
475	28818	568
476	95655	568
477	15749	568
478	81022	562
479	26747	562
480	80355	562
481	95	562
482	8437	562
483	16304	561
484	207	561
485	4033	560
486	1826	557
487	9693	556
488	8356	555
489	10160	555
490	26210	555
491	14134	554
492	334	554
493	12773	553
494	61197	551
495	1426	551
496	458	550
497	8236	550
498	48029	549
499	10580	549
500	60938	548
501	7463	547
502	808	545
503	15205	545
504	13789	545
505	5041	544
506	3415	542
507	9792	541
508	153601	541
509	12356	536
510	36	535
511	9683	533
512	38945	533
513	8696	532
514	7547	530
515	2980	529
516	5504	528
517	6306	528
518	3024	528
519	20895	527
520	18151	527
521	58315	526
522	2505	526
523	13194	525
524	1770	524
525	825929	522
526	148963	521
527	6868	521
528	8930	521
529	8990	520
530	38873	518
531	3732	516
532	10324	515
533	98	515
534	33066	515
535	19677	512
536	5974	512
537	6234	510
538	3478	510
539	9168	509
540	14795	507
541	314	507
542	77602	506
543	3524	505
544	33	505
545	3027	504
546	2731	504
547	4843	504
548	109293	503
549	28548	502
550	6545	502
551	2566	501
552	38045	498
553	14395	497
554	37985	494
555	7751	494
556	59542	491
557	36198	490
558	3108	490
559	1704	490
560	17991	489
561	9340	487
562	3895	486
563	14256	486
564	6138	485
565	7929	485
566	10183	483
567	603371	482
568	17573	482
569	97110	479
570	79	479
571	4596	479
572	3134	478
573	15155	478
574	22603	477
575	220	477
576	44842	477
577	192313	477
578	2322	475
579	7450	474
580	311	474
581	105	472
582	52656	471
583	3751	471
584	7935	471
585	29203	471
586	4307	470
587	7546	470
588	27166	470
589	151373	469
590	38085	469
591	7826	468
592	130	468
593	1491	467
594	9041	466
595	5254	466
596	3999	465
597	2726	463
598	272	463
599	89	463
600	9050	463
601	499	462
602	58193	461
603	319	461
604	11054	460
605	6278	460
606	38353	460
607	7337	460
608	15095	459
609	3096	458
610	14836	458
611	680	457
612	3153	456
613	43588	456
614	508	456
615	68090	454
616	52086	452
617	1793	450
618	88957	449
619	28815	449
620	3103	445
621	28743	444
622	162303	443
623	7330	443
624	6305	443
625	46688	442
626	10527	442
627	2487	442
628	80249	441
629	7895	441
630	2584	440
631	3888	439
632	2708	437
633	34872	436
634	29399	436
635	5619	435
636	5457	435
637	2073	434
638	9615	433
639	21409	433
640	9506	432
641	6263	431
642	45218	431
643	14212	430
644	60067	430
645	3763	430
646	1690	430
647	6779	429
648	361	429
649	9220	428
650	2988	428
651	33908	428
652	47570	427
653	80256	427
654	495	426
655	28746	426
656	10103	426
657	2492	425
658	5815	424
659	8037	422
660	6561	422
661	18507	422
662	18851	422
663	57842	422
664	110965	421
665	2029	421
666	50957	421
667	8942	419
668	7045	419
669	4125	419
670	1772	419
671	10480	419
672	8892	418
673	154785	418
674	14211	417
675	6249	417
676	8920	416
677	28214	415
678	80252	414
679	52044	414
680	3887	414
681	8197	414
682	1483	413
683	14596	413
684	9159	413
685	309001	413
686	19437	413
687	2952	412
688	60411	412
689	20775	412
690	2732	411
691	6799	411
692	95866	410
693	46528	409
694	80280	409
695	203	408
696	12381	408
697	59272	408
698	3943	408
699	15385	408
700	8916	407
701	9772	407
702	3094	406
703	33247	406
704	85693	406
705	461	406
706	20399	405
707	13982	405
708	14961	405
709	5697	404
710	7627	404
711	18656	404
712	2889	404
713	467	403
714	4249	402
715	4894	402
716	91895	401
717	420	401
718	20437	400
719	285	400
720	102939	400
721	3078	399
722	9008	399
723	80949	398
724	49718	397
725	178	397
726	13036	396
727	240	395
728	80352	395
729	15738	393
730	20533	392
731	37829	392
732	48136	392
733	2733	391
734	10743	391
735	34583	390
736	17809	390
737	15760	390
738	58308	390
739	68935	389
740	6040	389
741	4005	389
742	2795	388
743	42744	388
744	44270	388
745	3085	387
746	2730	386
747	15176	386
748	80251	385
749	3724	385
750	7317	385
751	46468	383
752	11127	383
753	30724	383
754	64974	383
755	22005	383
756	61945	383
757	14532	382
758	8750	382
759	76242	381
760	2590	381
761	1873	380
762	13042	379
763	8519	377
764	252095	377
765	27848	376
766	15435	376
767	220218	375
768	17016	375
769	8275	375
770	329	375
771	33985	374
772	597939	374
773	8187	373
774	17785	370
775	207958	369
776	1767	369
777	354	369
778	9037	368
779	27649	368
780	28458	368
781	75353	368
782	5383	368
783	184	367
784	2697	367
785	86554	366
786	2782	366
787	6004	365
788	3886	365
789	10037	364
790	27139	364
791	17370	363
792	4965	363
793	57	363
794	792	363
795	28657	362
796	1792	362
797	11420	362
798	2266	362
799	19585	361
800	3782	361
801	1016652	360
802	43439	359
803	5205	359
804	2789	358
805	3106	358
806	4196	358
807	17507	358
808	14364	358
809	236	357
810	8775	357
811	1535	357
812	5396	356
813	232148	356
814	112482	356
815	2570	356
816	7606	355
817	5014	355
818	609	354
819	13750	354
820	3652	352
821	5665	352
822	2986	352
823	3013	351
824	1797	351
825	8138	350
826	5058	350
827	1074	350
828	13062	349
829	9315	349
830	11565	348
831	3075	347
832	9292	346
833	383	346
834	13586	346
835	10140	345
836	6104	345
837	2586	345
838	3739	345
839	172982	345
840	4721	345
841	9169	343
842	34799	343
843	73631	343
844	2552	343
845	11759	343
846	25163	342
847	1708	341
848	58872	341
849	722297	340
850	3390	340
851	21698	339
852	7880	339
853	28	338
854	5701	337
855	231429	336
856	96156	336
857	9295	335
858	10023	335
859	11158	335
860	138280	335
861	19583	335
862	7057	334
863	20449	334
864	8459	334
865	30624	334
866	15820	333
867	104	333
868	6189	333
869	8453	333
870	72806	332
871	5596	332
872	46922	332
873	13066	332
874	13889	330
875	14291	330
876	7577	330
877	6857	329
878	1760	329
879	13253	328
880	4809	328
881	20118	328
882	48375	327
883	62	327
884	20432	327
885	7544	327
886	68029	327
887	12968	327
888	1705	327
889	259	326
890	4567	326
891	44273	326
892	2998	325
893	18458	325
894	3665	324
895	24842	323
896	563	322
897	61329	322
898	259898	322
899	16583	322
900	1551	322
901	16689	321
902	5305	321
903	9546	321
904	7333	321
905	10718	321
906	3774	320
907	308	320
908	18179	320
909	1649	320
910	83007	319
911	2478	319
912	9040	319
913	15669	319
914	9720	318
915	58385	318
916	123640	317
917	22183	317
918	3670	317
919	28577	317
920	154810	317
921	5121	316
922	2729	315
923	424	315
924	7644	315
925	353459	315
926	17148	315
927	15111	315
928	11182	314
929	34	314
930	15863	313
931	61403	313
932	117938	313
933	26841	312
934	209217	312
935	109181	312
936	13940	312
937	11309	312
938	5031	312
939	8850	312
940	4101	311
941	62273	311
942	54943	310
943	17113	310
944	170760	310
945	869	310
946	4054	310
947	232154	310
948	8014	309
949	13151	309
950	28823	309
951	162241	309
952	4310	309
953	4780	309
954	14825	308
955	5745	307
956	1991	307
957	28592	307
958	14719	306
959	213236	306
960	67068	306
961	8996	306
962	3616	305
963	13408	305
964	32252	304
965	3010	304
966	7506	304
967	77537	304
968	4696	303
969	6122	303
970	238165	303
971	8926	302
972	52879	302
973	18720	301
974	15624	301
975	6849	301
976	18568	300
977	16717	300
978	16268	300
979	1002716	299
980	34183	299
981	53139	299
982	48892	298
983	50774	298
984	8288	298
985	5129	298
986	23934	298
987	3711	297
988	20056	297
989	14305	297
990	3356	297
991	94946	297
992	10335	296
993	11008	296
994	21092	295
995	17560	295
996	6067	295
997	15191	294
998	18167	294
999	34180	293
1000	3721	293
1001	4681	293
1002	106	293
1003	216	292
1004	3324	291
1005	5215	291
1006	3916	291
1007	22308	290
1008	3909	290
1009	46545	290
1010	767266	290
1011	1681	289
1012	4482	289
1013	13407	288
1014	44922	288
1015	7545	288
1016	137	288
1017	40981	287
1018	50290	286
1019	15520	286
1020	2209	286
1021	515	286
1022	403646	286
1023	497	285
1024	5358	285
1025	38878	285
1026	764320	285
1027	270367	285
1028	3940	285
1029	101291	284
1030	12	284
1031	9113	284
1032	10006	283
1033	1718	283
1034	77586	283
1035	4842	283
1036	591491	281
1037	7563	281
1038	33997	280
1039	629	280
1040	10679	280
1041	9486	279
1042	6023	279
1043	96635	279
1044	513	279
1045	8533	279
1046	14770	278
1047	10191	278
1048	1607	277
1049	422	277
1050	60941	277
1051	126639	277
1052	5527	277
1053	2913	276
1054	8857	276
1055	62608	276
1056	1605	276
1057	742	275
1058	8961	275
1059	13867	275
1060	3544	274
1061	14455	274
1062	44197	274
1063	8855	274
1064	9711	274
1065	27058	274
1066	514	274
1067	15100	273
1068	191111	273
1069	3128	273
1070	58472	272
1071	91684	272
1072	14840	272
1073	22535	272
1074	220359	272
1075	6283	272
1076	80944	272
1077	140666	272
1078	63550	272
1079	4665	272
1080	7573	272
1081	838520	272
1082	11472	271
1083	7910	271
1084	2539	271
1085	9529	270
1086	10113	270
1087	6780	269
1088	3929	269
1089	124232	268
1090	10004	268
1091	1466	268
1092	220158	268
1093	7489	268
1094	93764	268
1095	256059	268
1096	13159	267
1097	3031	267
1098	6296	267
1099	177497	266
1100	11125	266
1101	25077	266
1102	520	265
1103	407	265
1104	18	265
1105	34033	265
1106	26326	265
1107	17699	265
1108	9235	264
1109	140519	264
1110	7628	264
1111	4834	264
1112	9107	263
1113	4732	263
1114	8131	263
1115	3268	263
1116	22955	263
1117	6363	263
1118	58	263
1119	646755	263
1120	115	262
1121	75400	262
1122	21545	262
1123	2562	262
1124	30958	262
1125	9701	262
1126	14529	262
1127	34051	262
1128	16293	261
1129	481	261
1130	606513	260
1131	52318	260
1132	57373	260
1133	11087	260
1134	9877	260
1135	5341	259
1136	7014	259
1137	999771	259
1138	28555	259
1139	21733	259
1140	17582	259
1141	11611	259
1142	444	259
1143	28595	258
1144	6380	258
1145	30595	258
1146	12978	258
1147	56772	257
1148	15268	257
1149	5309	257
1150	10977	257
1151	173345	257
1152	7323	257
1153	6819	257
1154	162280	257
1155	64312	256
1156	1268	256
1157	3370	256
1158	2923	255
1159	14141	255
1160	9845	255
1161	45376	255
1162	119844	254
1163	44789	254
1164	21248	254
1165	55336	254
1166	17905	253
1167	3318	253
1168	13075	253
1169	30346	252
1170	64009	252
1171	101297	252
1172	14072	252
1173	209172	252
1174	19440	252
1175	49299	252
1176	17127	252
1177	8032	252
1178	5266	251
1179	5190	251
1180	16258	251
1181	15653	251
1182	138763	251
1183	1297	251
1184	162238	251
1185	5258	250
1186	60850	250
1187	2560	250
1188	23929	250
1189	51	249
1190	4170	249
1191	3306	248
1192	69765	248
1193	46471	247
1194	6156	247
1195	2974	247
1196	275	247
1197	181258	246
1198	466	246
1199	43226	246
1200	765	246
1201	563618	246
1202	177927	245
1203	17807	245
1204	33002	245
1205	3960	245
1206	28802	244
1207	539	244
1208	654694	244
1209	17503	244
1210	49897	244
1211	62900	243
1212	18149	243
1213	230608	243
1214	8999	242
1215	57389	242
1216	3599	242
1217	155120	242
1218	7542	241
1219	7543	241
1220	4862	241
1221	131241	241
1222	171578	240
1223	8017	240
1224	93316	239
1225	5778	239
1226	241566	239
1227	7574	238
1228	137976	238
1229	232146	238
1230	8030	238
1231	10024	238
1232	40275	238
1233	7487	238
1234	15116	238
1235	208	237
1236	110	237
1237	193490	237
1238	64213	237
1239	15202	237
1240	17285	236
1241	57365	236
1242	6877	236
1243	3912	236
1244	7911	236
1245	8967	236
1246	23779	236
1247	82802	235
1248	3975	235
1249	53274	235
1250	88434	235
1251	60308	235
1252	4941	235
1253	38344	235
1254	34560	234
1255	167342	234
1256	46819	234
1257	161974	234
1258	16452	234
1259	5170	234
1260	28268	234
1261	336	234
1262	7256	233
1263	6784	233
1264	67107	233
1265	10046	233
1266	46414	233
1267	8450	233
1268	3090	232
1269	6322	232
1270	35234	232
1271	6878	232
1272	5642	232
1273	200	232
1274	10460	231
1275	10518	231
1276	12986	231
1277	8800	231
1278	2767	231
1279	563594	231
1280	153384	230
1281	77664	230
1282	4455	230
1283	74267	230
1284	27325	230
1285	4275	230
1286	7932	229
1287	67086	228
1288	16859	228
1289	21809	228
1290	31035	228
1291	9703	228
1292	16461	228
1293	3781	228
1294	15244	228
1295	18673	227
1296	712986	227
1297	8617	227
1298	982296	227
1299	264026	226
1300	3750	226
1301	116362	226
1302	220357	226
1303	80349	226
1304	58382	226
1305	7909	226
1306	2931	226
1307	9559	225
1308	49330	225
1309	7575	225
1310	360463	225
1311	482	224
1312	13301	224
1313	17600	224
1314	7396	224
1315	3091	224
1316	194458	224
1317	11058	223
1318	27749	223
1319	61346	223
1320	73907	223
1321	184520	223
1322	3045	223
1323	14809	222
1324	1324	222
1325	1591	222
1326	15966	222
1327	54785	221
1328	17848	220
1329	108159	220
1330	84	220
1331	14033	220
1332	507630	220
1333	8401	219
1334	14572	219
1335	22328	219
1336	9407	219
1337	3265	219
1338	55777	219
1339	11371	219
1340	8946	218
1341	58389	218
1342	17881	218
1343	598304	218
1344	12955	217
1345	50394	217
1346	196851	217
1347	5192	217
1348	2265	217
1349	342	217
1350	6244	217
1351	18993	217
1352	2694	216
1353	8185	216
1354	1525	216
1355	18734	216
1356	35992	215
1357	180362	215
1358	304447	215
1359	46601	215
1360	6375	215
1361	16758	215
1362	2481	215
1363	4316	215
1364	73105	215
1365	11056	215
1366	32175	214
1367	906347	214
1368	82688	214
1369	18165	214
1370	62398	214
1371	46561	214
1372	57671	214
1373	57315	214
1374	63995	214
1375	18970	214
1376	6906	214
1377	27746	213
1378	15960	213
1379	16432	213
1380	690554	213
1381	3311	213
1382	42461	213
1383	26890	212
1384	12963	212
1385	7629	212
1386	35016	212
1387	61	212
1388	219232	212
1389	7406	212
1390	15700	212
1391	10782	212
1392	4050	212
1393	61770	211
1394	3059	211
1395	2701	211
1396	6205	211
1397	16362	211
1398	15612	211
1399	46941	210
1400	3509	210
1401	15213	210
1402	2493	210
1403	90122	210
1404	564858	210
1405	18173	210
1406	154795	210
1407	22497	210
1408	20850	210
1409	1459	209
1410	1800	209
1411	21064	209
1412	90009	209
1413	115016	209
1414	118519	209
1415	49209	209
1416	13689	208
1417	4181	208
1418	10539	208
1419	3199	208
1420	1130	208
1421	10420	208
1422	55741	208
1423	7552	207
1424	7597	207
1425	14137	206
1426	214888	206
1427	14522	206
1428	73092	206
1429	101	206
1430	247509	206
1431	29771	206
1432	1745	206
1433	290319	205
1434	22547	205
1435	80530	205
1436	4049	205
1437	48575	205
1438	2569	205
1439	15101	205
1440	679	204
1441	17349	204
1442	1506	204
1443	6087	204
1444	5672	204
1445	6848	204
1446	13138	204
1447	1359	204
1448	2954	203
1449	9345	203
1450	3521	203
1451	15494	203
1452	1077904	203
1453	14082	203
1454	17617	203
1455	1326	203
1456	3841	203
1457	10431	203
1458	423152	202
1459	300318	202
1460	34727	202
1461	1084	202
1462	54313	202
1463	235797	202
1464	15811	202
1465	39205	202
1466	114529	202
1467	480	202
1468	61596	202
1469	3258	201
1470	2436	201
1471	476	201
1472	5709	201
1473	8008	201
1474	4300	201
1475	8615	201
1476	140607	201
1477	50448	201
1478	2314	201
1479	49955	201
1480	18161	201
1481	10076	201
1482	124321	200
1483	15395	200
1484	1682	200
1485	8013	200
1486	12536	200
1487	2807	199
1488	2474	199
1489	35705	199
1490	7228	199
1491	4429	199
1492	147106	199
1493	7988	198
1494	44798	198
1495	73781	198
1496	57344	198
1497	2222	198
1498	38918	198
1499	10716	198
1500	13394	197
1501	14834	197
1502	375	197
1503	16845	197
1504	15770	197
1505	13500	197
1506	206106	196
1507	7790	196
1508	17619	196
1509	136334	196
1510	179	195
1511	7309	195
1512	41803	195
1513	11287	195
1514	17352	195
1515	35395	195
1516	4683	195
1517	34005	195
1518	9136	195
1519	104356	194
1520	77569	194
1521	21800	194
1522	2754	194
1523	169933	194
1524	229958	194
1525	4770	194
1526	9814	194
1527	9126	194
1528	7580	193
1529	23831	193
1530	12209	193
1531	17316	192
1532	90951	192
1533	2943	192
1534	58180	192
1535	2567	192
1536	767291	192
1537	2491	192
1538	10062	192
1539	9883	192
1540	3650	192
1541	13973	192
1542	1002694	192
1543	638150	192
1544	3575	192
1545	48380	192
1546	52591	191
1547	38479	191
1548	74149	191
1549	23035	191
1550	190845	191
1551	71804	191
1552	4624	190
1553	49092	190
1554	46467	189
1555	17357	189
1556	16474	189
1557	46476	189
1558	17588	189
1559	17378	189
1560	12808	189
1561	47644	189
1562	12642	189
1563	10131	189
1564	6111	188
1565	15104	188
1566	277	188
1567	1335	188
1568	63271	188
1569	6354	188
1570	15692	188
1571	17325	188
1572	2426	188
1573	12062	188
1574	6393	187
1575	38997	187
1576	96511	187
1577	43205	187
1578	27155	187
1579	173791	186
1580	23182	186
1581	190944	186
1582	61222	186
1583	1034	186
1584	81892	186
1585	838524	186
1586	14554	186
1587	10531	186
1588	9249	186
1589	846342	185
1590	20788	185
1591	55189	185
1592	17817	185
1593	92566	185
1594	991	184
1595	34482	184
1596	4106	184
1597	169	184
1598	47073	184
1599	46470	184
1600	8933	183
1601	80233	183
1602	79040	183
1603	10540	183
1604	89444	183
1605	32628	183
1606	4399	183
1607	63349	183
1608	19785	183
1609	11	183
1610	15732	183
1611	3958	183
1612	3139	182
1613	9203	182
1614	86585	182
1615	12180	182
1616	4111	182
1617	35663	182
1618	72803	182
1619	10874	182
1620	13591	182
1621	9698	182
1622	296017	181
1623	23828	181
1624	4556	181
1625	2093	181
1626	42198	181
1627	4706	181
1628	18763	181
1629	6505	181
1630	73050	181
1631	212917	181
1632	3626	181
1633	44082	181
1634	4222	180
1635	5378	180
1636	11325	180
1637	191193	180
1638	3734	180
1639	40146	180
1640	7990	180
1641	9539	180
1642	2648	180
1643	57475	180
1644	34756	180
1645	94275	179
1646	167	179
1647	36045	179
1648	149102	179
1649	93000	179
1650	740003	179
1651	9314	179
1652	308367	179
1653	9184	178
1654	39741	178
1655	65791	178
1656	8409	178
1657	20521	178
1658	12987	178
1659	44098	178
1660	19708	177
1661	256205	177
1662	4719	177
1663	61266	177
1664	77557	177
1665	10756	177
1666	8731	177
1667	14784	177
1668	46532	177
1669	3636	176
1670	14057	176
1671	149846	176
1672	67671	176
1673	29111	175
1674	22063	175
1675	4718	175
1676	12597	175
1677	17310	175
1678	12189	175
1679	7404	175
1680	44248	175
1681	8165	175
1682	2123	174
1683	1440	174
1684	13630	174
1685	138400	174
1686	61638	174
1687	140213	173
1688	74	173
1689	1805	173
1690	18175	173
1691	2215	173
1692	12347	173
1693	35585	173
1694	113003	173
1695	15075	173
1696	32995	173
1697	46278	173
1698	6398	173
1699	24239	173
1700	38653	173
1701	38862	172
1702	17708	172
1703	13858	172
1704	111283	172
1705	6981	172
1706	113825	172
1707	8494	172
1708	3893	172
1709	7240	172
1710	6130	172
1711	15189	172
1712	49094	171
1713	9962	171
1714	60450	171
1715	174111	171
1716	3117	171
1717	5412	171
1718	48594	171
1719	159830	171
1720	77596	171
1721	100054	171
1722	857	170
1723	775	170
1724	3387	170
1725	57392	170
1726	7979	170
1727	8407	170
1728	13741	170
1729	8683	170
1730	16289	169
1731	102708	169
1732	3730	169
1733	1164	169
1734	323099	169
1735	80281	169
1736	4573	169
1737	15334	169
1738	9156	169
1739	4581	169
1740	108103	168
1741	2591	168
1742	8047	168
1743	103164	168
1744	62706	168
1745	962471	167
1746	5317	167
1747	11639	167
1748	80278	167
1749	16338	167
1750	2865	167
1751	2808	167
1752	5757	167
1753	2673	167
1754	39288	167
1755	7984	167
1756	3349	166
1757	124255	166
1758	5749	166
1759	53924	166
1760	45365	166
1761	7600	165
1762	51740	165
1763	72175	165
1764	79569	165
1765	73116	165
1766	49322	165
1767	2706	165
1768	76776	165
1769	8568	165
1770	3590	165
1771	55196	165
1772	55241	165
1773	7831	165
1774	6552	165
1775	5349	164
1776	3712	164
1777	26447	164
1778	20441	164
1779	184438	164
1780	3846	164
1781	1366	163
1782	697	163
1783	10265	163
1784	11135	163
1785	50464	163
1786	11076	163
1787	39760	163
1788	4038	163
1789	15527	163
1790	17510	163
1791	286	163
1792	228550	163
1793	14705	163
1794	120586	163
1795	2824	162
1796	30237	162
1797	3625	162
1798	38635	162
1799	93797	162
1800	10238	162
1801	18767	162
1802	143	162
1803	95606	162
1804	8454	162
1805	4311	162
1806	11242	162
1807	7505	162
1808	147671	162
1809	8366	161
1810	16825	161
1811	2890	161
1812	147210	161
1813	26730	161
1814	201180	161
1815	160	161
1816	57322	161
1817	2587	161
1818	27500	160
1819	50762	160
1820	3241	160
1821	20445	160
1822	101246	160
1823	295438	160
1824	176646	160
1825	50661	159
1826	9938	159
1827	17109	159
1828	7234	159
1829	2932	159
1830	14722	159
1831	5351	158
1832	30620	158
1833	6999	158
1834	246793	158
1835	11445	158
1836	27331	158
1837	206	158
1838	37615	158
1839	24027	158
1840	11033	158
1841	13802	158
1842	10648	158
1843	15797	158
1844	314834	158
1845	8821	157
1846	42322	157
1847	10309	157
1848	1131142	157
1849	17304	157
1850	154757	157
1851	20311	157
1852	5981	157
1853	365879	157
1854	6044	156
1855	64409	156
1856	2991	156
1857	47387	156
1858	21905	156
1859	9718	156
1860	80275	156
1861	17447	156
1862	197442	156
1863	20003	156
1864	11137	156
1865	5858	156
1866	8084	156
1867	9911	156
1868	9859	156
1869	13300	156
1870	129477	155
1871	7052	155
1872	15248	155
1873	157537	155
1874	57453	155
1875	5300	154
1876	83646	154
1877	16546	154
1878	11749	154
1879	1082	154
1880	73786	154
1881	137262	154
1882	8889	154
1883	9045	154
1884	4015	154
1885	68619	153
1886	74370	153
1887	35513	153
1888	8970	153
1889	162275	153
1890	26769	153
1891	357451	153
1892	2615	153
1893	16542	153
1894	8991	153
1895	501	152
1896	486	151
1897	161998	151
1898	3918	151
1899	86826	151
1900	6251	151
1901	78831	151
1902	563606	151
1903	8963	150
1904	108499	150
1905	23038	150
1906	3327	150
1907	14088	150
1908	18392	150
1909	9948	150
1910	160364	150
1911	6546	150
1912	46970	150
1913	71548	150
1914	20620	150
1915	363	150
1916	690197	149
1917	58504	149
1918	154808	149
1919	59639	149
1920	914441	149
1921	18373	149
1922	17306	149
1923	3138	149
1924	106748	149
1925	6173	149
1926	15003	149
1927	10072	149
1928	29471	149
1929	26422	149
1930	12444	148
1931	188875	148
1932	57478	148
1933	8626	148
1934	22037	148
1935	8994	148
1936	6320	148
1937	40900	148
1938	31239	148
1939	74531	148
1940	3825	148
1941	156131	148
1942	40246	147
1943	21099	147
1944	20400	147
1945	9516	147
1946	57318	147
1947	12603	147
1948	5919	147
1949	401078	147
1950	42425	147
1951	17351	147
1952	55582	147
1953	2325	146
1954	7630	146
1955	14	146
1956	110674	146
1957	15746	146
1958	28760	146
1959	177	146
1960	17931	146
1961	211038	146
1962	567262	146
1963	10852	146
1964	9043	146
1965	75	145
1966	58848	145
1967	19656	144
1968	23515	144
1969	15426	144
1970	25197	144
1971	1077872	144
1972	11101	144
1973	392009	144
1974	229428	144
1975	14235	144
1976	93748	144
1977	9801	144
1978	128029	143
1979	73018	143
1980	5143	143
1981	14150	143
1982	26789	143
1983	27277	143
1984	97808	143
1985	17527	143
1986	60937	143
1987	49413	142
1988	71795	142
1989	5851	142
1990	25317	142
1991	2933	142
1992	57452	142
1993	194393	142
1994	3445	142
1995	195204	142
1996	9034	142
1997	1711	142
1998	6157	142
1999	18387	141
2000	722	141
2001	550618	141
2002	4056	141
2003	83252	141
2004	1002698	141
2005	12540	141
2006	10344	141
2007	2999	141
2008	112303	141
2009	6904	141
2010	2993	141
2011	364	141
2012	26129	141
2013	76248	141
2014	16781	141
2015	197	141
2016	18030	140
2017	55234	140
2018	77336	140
2019	3335	140
2020	38556	140
2021	10520	140
2022	10387	140
2023	563583	140
2024	11841	140
2025	26997	140
2026	88615	140
2027	16269	140
2028	50121	140
2029	20934	140
2030	3304	139
2031	28761	139
2032	503049	139
2033	63073	139
2034	9148	139
2035	256210	139
2036	51228	139
2037	5175	139
2038	40604	139
2039	39762	139
2040	1978	139
2041	2981	139
2042	9082	139
2043	108597	139
2044	138	138
2045	232010	138
2046	57466	138
2047	617532	138
2048	7993	138
2049	5884	138
2050	76840	138
2051	62726	138
2052	129079	138
2053	40203	138
2054	4065	138
2055	26436	138
2056	41390	138
2057	4730	138
2058	702159	138
2059	80400	138
2060	3472	138
2061	19979	138
2062	1804	138
2063	92264	137
2064	39307	137
2065	55542	137
2066	128525	137
2067	3744	137
2068	9098	137
2069	12391	137
2070	77553	137
2071	2821	137
2072	9195	137
2073	5177	137
2074	17849	136
2075	10724	136
2076	10310	136
2077	36511	136
2078	27153	136
2079	64334	136
2080	190767	136
2081	17410	135
2082	51728	135
2083	30180	135
2084	17686	135
2085	12357	135
2086	27188	135
2087	72827	135
2088	20018	135
2089	48385	135
2090	80430	134
2091	764315	134
2092	58406	134
2093	3156	134
2094	2362	134
2095	7444	134
2096	49133	134
2097	8046	134
2098	116334	134
2099	4126	134
2100	16524	134
2101	9035	134
2102	244404	134
2103	3776	134
2104	80279	134
2105	523	134
2106	12012	133
2107	14670	133
2108	2638	133
2109	2544	133
2110	380	133
2111	34742	133
2112	459769	133
2113	4257	133
2114	112750	133
2115	4192	133
2116	78867	133
2117	33207	133
2118	207227	133
2119	173483	133
2120	12638	133
2121	2916	133
2122	10690	132
2123	7977	132
2124	192	132
2125	20130	132
2126	69648	132
2127	767280	132
2128	412057	132
2129	15822	132
2130	58292	132
2131	280	132
2132	202400	132
2133	2283	132
2134	1060133	132
2135	7631	132
2136	28403	132
2137	55576	132
2138	8035	132
2139	526646	131
2140	174014	131
2141	108509	131
2142	8650	131
2143	123072	131
2144	46530	131
2145	55898	131
2146	34534	131
2147	14841	131
2148	173313	131
2149	210387	131
2150	2762	131
2151	180305	131
2152	74584	131
2153	16745	130
2154	128982	130
2155	19866	130
2156	2768	130
2157	135177	130
2158	1795	130
2159	8914	130
2160	12278	130
2161	32061	130
2162	11676	130
2163	3812	130
2164	213699	130
2165	6905	130
2166	47781	130
2167	16410	130
2168	684735	129
2169	318806	129
2170	10084	129
2171	162065	129
2172	16900	129
2173	8712	129
2174	5321	129
2175	7901	129
2176	247	129
2177	91855	129
2178	213235	129
2179	64212	129
2180	985083	128
2181	9517	128
2182	4091	128
2183	43105	128
2184	5263	128
2185	14215	128
2186	79676	128
2187	91543	128
2188	19372	128
2189	6094	128
2190	16682	128
2191	8462	128
2192	1423	128
2193	196420	128
2194	838535	127
2195	56850	127
2196	15795	127
2197	4872	127
2198	27763	127
2199	113536	127
2200	709	127
2201	14493	127
2202	17890	127
2203	7003	127
2204	78	127
2205	55403	127
2206	13989	127
2207	4309	126
2208	138475	126
2209	49310	126
2210	17811	126
2211	210125	126
2212	411906	126
2213	52909	126
2214	5255	126
2215	3627	126
2216	32732	126
2217	394	126
2218	14315	126
2219	710	126
2220	24976	126
2221	5593	125
2222	1502	125
2223	10135	125
2224	61978	125
2225	60532	125
2226	15117	125
2227	949579	125
2228	32216	125
2229	4006	125
2230	3708	125
2231	116986	125
2232	810	125
2233	38446	124
2234	8010	124
2235	18731	124
2236	18494	124
2237	618718	124
2238	93979	124
2239	11081	124
2240	8856	124
2241	210356	124
2242	404	124
2243	235618	124
2244	9986	124
2245	46930	124
2246	4538	124
2247	1046213	123
2248	9194	123
2249	93647	123
2250	10073	123
2251	5097	123
2252	93837	123
2253	18152	123
2254	17823	123
2255	4122	123
2256	9581	123
2257	51447	123
2258	58264	123
2259	9323	123
2260	830	123
2261	128598	123
2262	8456	123
2263	57364	123
2264	13535	123
2265	3151	122
2266	12416	122
2267	566227	122
2268	77605	122
2269	32233	122
2270	56355	122
2271	19147	122
2272	46731	122
2273	200697	122
2274	326868	122
2275	58494	122
2276	13550	122
2277	2235	122
2278	19719	122
2279	1996	122
2280	2908	122
2281	45489	122
2282	10566	122
2283	39069	122
2284	11395	122
2285	65904	122
2286	66246	121
2287	11072	121
2288	7905	121
2289	83568	121
2290	20020	121
2291	83036	121
2292	355097	121
2293	209891	121
2294	17524	121
2295	75179	121
2296	588607	121
2297	32130	121
2298	10412	121
2299	24978	121
2300	32737	121
2301	98239	121
2302	16983	121
2303	38397	121
2304	49706	120
2305	483	120
2306	386367	120
2307	563645	120
2308	42458	120
2309	74577	120
2310	80113	120
2311	209858	120
2312	3263	120
2313	2623	120
2314	4018	120
2315	250239	119
2316	101811	119
2317	177707	119
2318	181	119
2319	81662	119
2320	73128	119
2321	319206	119
2322	72302	119
2323	1357	119
2324	83221	119
2325	18377	119
2326	128012	119
2327	18109	119
2328	58245	119
2329	73042	119
2330	18639	119
2331	1536	119
2332	58099	119
2333	58011	119
2334	142	119
2335	3052	119
2336	590615	119
2337	18051	118
2338	58794	118
2339	8723	118
2340	2683	118
2341	9944	118
2342	76021	118
2343	26144	118
2344	153343	118
2345	80911	118
2346	18582	118
2347	11224	118
2348	35475	118
2349	164318	118
2350	45314	118
2351	16918	118
2352	71561	118
2353	9181	117
2354	90388	117
2355	28766	117
2356	15540	117
2357	567286	117
2358	100849	117
2359	5986	117
2360	2457	117
2361	34973	117
2362	77550	117
2363	7459	117
2364	847	117
2365	473	117
2366	15571	117
2367	797	117
2368	98167	117
2369	437	117
2370	109379	117
2371	246501	117
2372	28398	117
2373	153432	116
2374	7306	116
2375	152212	116
2376	6654	116
2377	72273	116
2378	11947	116
2379	2583	116
2380	4672	116
2381	4247	116
2382	20125	116
2383	665032	116
2384	74169	116
2385	48095	116
2386	7016	116
2387	2785	116
2388	39277	116
2389	5720	116
2390	50468	116
2391	2470	116
2392	5842	116
2393	1958	115
2394	10179	115
2395	9299	115
2396	256060	115
2397	77423	115
2398	9766	115
2399	8629	115
2400	3516	115
2401	9022	115
2402	14165	115
2403	80994	115
2404	68757	115
2405	206239	115
2406	138305	115
2407	66181	115
2408	181631	115
2409	232143	115
2410	740480	115
2411	125101	114
2412	24877	114
2413	5199	114
2414	3087	114
2415	129750	114
2416	43410	114
2417	17547	114
2418	646422	114
2419	6038	114
2420	173508	114
2421	3037	114
2422	11103	114
2423	121653	114
2424	17436	114
2425	27463	114
2426	9216	114
2427	16311	114
2428	34007	114
2429	2613	114
2430	16915	114
2431	839030	113
2432	57395	113
2433	20557	113
2434	7242	113
2435	49013	113
2436	2139	113
2437	790	113
2438	7307	113
2439	61667	113
2440	193161	113
2441	949581	113
2442	13504	113
2443	15719	113
2444	7642	112
2445	7883	112
2446	570	112
2447	3080	112
2448	378794	112
2449	9278	112
2450	13128	112
2451	423161	112
2452	59618	112
2453	4826	112
2454	19067	112
2455	6315	112
2456	4187	111
2457	14213	111
2458	441607	111
2459	51043	111
2460	50519	111
2461	49480	111
2462	45827	111
2463	18813	111
2464	7286	111
2465	23443	111
2466	391753	111
2467	74823	111
2468	17095	111
2469	423417	111
2470	1513	111
2471	57250	111
2472	39660	111
2473	58765	111
2474	309442	111
2475	2442	111
2476	215062	110
2477	9955	110
2478	196	110
2479	8481	110
2480	3346	110
2481	1521	110
2482	292805	110
2483	220155	110
2484	1774	110
2485	46423	110
2486	3653	110
2487	48612	110
2488	6399	110
2489	12352	110
2490	29065	110
2491	173361	110
2492	217	110
2493	27187	110
2494	4183	110
2495	18987	110
2496	114764	110
2497	38284	110
2498	30992	110
2499	174093	110
2500	294041	110
2501	100122	110
2502	2748	110
2503	3786	110
2504	33735	110
2505	991670	110
2506	12616	110
2507	15267	110
2508	28466	110
2509	4204	110
2510	3767	110
2511	11094	110
2512	6108	110
2513	3603	110
2514	29145	109
2515	713085	109
2516	4366	109
2517	80972	109
2518	205483	109
2519	15704	109
2520	41861	109
2521	15460	109
2522	20285	109
2523	9550	109
2524	6551	109
2525	1317	109
2526	247248	109
2527	91704	109
2528	7032	109
2529	58838	109
2530	35649	109
2531	137983	109
2532	588052	109
2533	13099	109
2534	99959	109
2535	326	109
2536	57486	109
2537	10154	109
2538	35506	109
2539	100733	109
2540	14112	108
2541	627	108
2542	21296	108
2543	1720	108
2544	108060	108
2545	49	108
2546	1325	108
2547	14277	108
2548	162268	108
2549	7576	108
2550	190771	108
2551	15867	108
2552	5194	108
2553	168815	108
2554	3656	108
2555	4276	108
2556	10107	108
2557	392691	108
2558	20107	108
2559	3970	108
2560	11271	107
2561	16281	107
2562	101122	107
2563	77545	107
2564	96283	107
2565	4397	107
2566	503310	107
2567	7551	107
2568	11984	107
2569	15200	107
2570	47567	107
2571	8931	107
2572	3837	107
2573	53828	107
2574	192859	107
2575	20	107
2576	9101	107
2577	4959	107
2578	14819	107
2579	59712	107
2580	43275	107
2581	36532	107
2582	3017	107
2583	1331	107
2584	7456	107
2585	34385	107
2586	9381	107
2587	161997	106
2588	100714	106
2589	197870	106
2590	631284	106
2591	181986	106
2592	214924	106
2593	1673	106
2594	2500	106
2595	23928	106
2596	34476	106
2597	18576	106
2598	13465	106
2599	61652	106
2600	872544	105
2601	120846	105
2602	32440	105
2603	18704	105
2604	109256	105
2605	26652	105
2606	1002736	105
2607	205373	105
2608	7457	105
2609	117314	105
2610	39832	105
2611	28728	105
2612	4044	105
2613	82547	105
2614	117672	105
2615	212951	105
2616	15791	105
2617	20743	105
2618	463	105
2619	63886	105
2620	39505	105
2621	108798	105
2622	2997	105
2623	67939	105
2624	4175	105
2625	214548	105
2626	8015	104
2627	226	104
2628	212955	104
2629	3009460	104
2630	48676	104
2631	9783	104
2632	3560	104
2633	6270	104
2634	1606	104
2635	9536	104
2636	231238	104
2637	67575	104
2638	5285	104
2639	872543	104
2640	31160	103
2641	8169	103
2642	8694	103
2643	34874	103
2644	92223	103
2645	264458	103
2646	36197	103
2647	8174	103
2648	2837	103
2649	45800	103
2650	70224	103
2651	23553	103
2652	423300	103
2653	124373	103
2654	81752	103
2655	2937	103
2656	14998	103
2657	5128	103
2658	3906	102
2659	10454	102
2660	493	102
2661	811	102
2662	1573	102
2663	59385	102
2664	12594	102
2665	9540	102
2666	4248	102
2667	838523	102
2668	9511	102
2669	10619	102
2670	9185	102
2671	219486	102
2672	14973	102
2673	6786	102
2674	112188	102
2675	4778	101
2676	75288	101
2677	392	101
2678	4740	101
2679	31498	101
2680	72815	101
2681	58052	101
2682	190962	101
2683	11084	101
2684	35028	101
2685	167851	101
2686	56825	101
2687	5920	101
2688	159206	101
2689	9477	101
2690	113976	101
2691	98145	101
2692	73528	101
2693	48903	101
2694	46549	101
2695	49774	100
2696	10801	100
2697	78311	100
2698	939065	100
2699	83822	100
2700	235586	100
2701	4009	100
2702	30613	100
2703	549	100
2704	21997	100
2705	23018	100
2706	34427	100
2707	550619	100
2708	54734	100
2709	21405	100
2710	51611	100
2711	42372	100
2712	3629	100
2713	19266	100
2714	173964	100
2715	2665	100
2716	374374	100
2717	96159	100
2718	145268	100
2719	114880	100
2720	956877	100
2721	40017	99
2722	28733	99
2723	103323	99
2724	63539	99
2725	4879	99
2726	3380	99
2727	9638	99
2728	118917	99
2729	108092	99
2730	57754	99
2731	563593	99
2732	82207	99
2733	24277	99
2734	18178	99
2735	264465	99
2736	34381	99
2737	11249	99
2738	96340	99
2739	13169	99
2740	6379	99
2741	1321	99
2742	61319	99
2743	16837	99
2744	891856	98
2745	337603	98
2746	8122	98
2747	1713	98
2748	7197	98
2749	30412	98
2750	18818	98
2751	8011	98
2752	59256	98
2753	4240	98
2754	2716	98
2755	77542	98
2756	72929	98
2757	229591	98
2758	6940	98
2759	15898	98
2760	530	98
2761	17639	97
2762	9527	97
2763	1890	97
2764	12958	97
2765	27357	97
2766	86181	97
2767	147	97
2768	86	97
2769	10999	97
2770	8664	97
2771	11155	97
2772	14718	97
2773	199594	97
2774	9413	97
2775	3729	97
2776	3939	97
2777	741	97
2778	10734	97
2779	8941	97
2780	40000	97
2781	28606	96
2782	69368	96
2783	6408	96
2784	82860	96
2785	45960	96
2786	448004	96
2787	15594	96
2788	51595	96
2789	58287	96
2790	103304	96
2791	498	96
2792	264679	96
2793	23915	96
2794	4273	96
2795	16340	96
2796	12151	96
2797	9165	96
2798	57485	96
2799	10180	96
2800	5340	96
2801	42224	96
2802	357454	96
2803	16315	96
2804	32095	96
2805	4011	96
2806	499763	96
2807	256117	96
2808	4727	95
2809	96691	95
2810	12346	95
2811	87	95
2812	161820	95
2813	233574	95
2814	3377	95
2815	75145	95
2816	77610	95
2817	6207	95
2818	2751	95
2819	39034	95
2820	155	95
2821	6350	95
2822	27547	95
2823	78820	95
2824	296151	95
2825	93264	95
2826	12793	95
2827	149972	95
2828	15154	95
2829	349935	95
2830	7991	95
2831	5870	95
2832	66016	95
2833	192842	95
2834	48130	95
2835	6477	95
2836	28573	95
2837	17037	95
2838	13774	95
2839	108942	95
2840	68006	94
2841	4609	94
2842	44791	94
2843	3076	94
2844	192720	94
2845	840	94
2846	33954	94
2847	26032	94
2848	74884	94
2849	28553	94
2850	563635	94
2851	499495	94
2852	93109	94
2853	10395	94
2854	255790	94
2855	40988	94
2856	40580	94
2857	244	94
2858	17967	94
2859	5136	94
2860	17422	94
2861	66038	94
2862	13074	94
2863	13235	94
2864	9414	94
2865	115664	94
2866	2420	94
2867	17312	94
2868	12714	94
2869	499496	94
2870	635137	93
2871	109214	93
2872	35473	93
2873	5611	93
2874	25515	93
2875	119875	93
2876	18160	93
2877	36851	93
2878	49405	93
2879	5903	93
2880	79051	93
2881	20558	93
2882	19980	93
2883	14932	93
2884	31674	93
2885	118414	93
2886	152317	93
2887	8851	93
2888	8805	93
2889	124514	93
2890	154830	93
2891	3784	92
2892	196417	92
2893	53825	92
2894	48857	92
2895	80913	92
2896	85895	92
2897	46695	92
2898	63876	92
2899	15406	92
2900	9016	92
2901	553721	92
2902	9850	92
2903	235612	92
2904	7860	92
2905	9646	92
2906	3850	92
2907	49132	92
2908	14238	92
2909	326938	92
2910	2564	92
2911	63064	92
2912	91871	92
2913	16239	92
2914	78114	92
2915	961727	92
2916	20989	92
2917	2037	92
2918	190904	91
2919	177388	91
2920	98165	91
2921	579393	91
2922	2234381	91
2923	80574	91
2924	82201	91
2925	80037	91
2926	16324	91
2927	22166	91
2928	6250	91
2929	11027	91
2930	202512	91
2931	4979	91
2932	77496	91
2933	55213	91
2934	423365	91
2935	162269	91
2936	111702	91
2937	11248	91
2938	7443	91
2939	7300	91
2940	7465	91
2941	92628	91
2942	246576	91
2943	114687	91
2944	15858	91
2945	103308	91
2946	27060	91
2947	74036	91
2948	33779	90
2949	12339	90
2950	11492	90
2951	4488	90
2952	4925	90
2953	46635	90
2954	3389	90
2955	4195	90
2956	2947	90
2957	9734	90
2958	64387	90
2959	16256	90
2960	8000	90
2961	746009	90
2962	5643	89
2963	17770	89
2964	5174	89
2965	10101	89
2966	8663	89
2967	1069	89
2968	10172	89
2969	154920	89
2970	49898	89
2971	9494	89
2972	6222	89
2973	213011	89
2974	17904	89
2975	59561	89
2976	24292	89
2977	16823	89
2978	690130	89
2979	1046255	89
2980	56159	89
2981	37125	89
2982	55257	89
2983	186799	89
2984	13397	89
2985	658332	89
2986	1638444	89
2987	55673	89
2988	4135	89
2989	285926	89
2990	264471	89
2991	93687	89
2992	22761	89
2993	17408	89
2994	8877	89
2995	4942	88
2996	12815	88
2997	517	88
2998	346041	88
2999	1351	88
3000	587628	88
3001	27055	88
3002	7572	88
3003	117727	88
3004	23817	88
3005	113407	88
3006	17826	88
3007	190931	88
3008	34460	88
3009	58701	88
3010	446170	88
3011	14276	88
3012	12215	88
3013	56434	88
3014	1318	88
3015	102840	88
3016	1897	88
3017	192837	88
3018	4669	88
3019	45974	88
3020	25430	88
3021	4977	88
3022	1046244	88
3023	85335	88
3024	914482	88
3025	44891	87
3026	19267	87
3027	103309	87
3028	98191	87
3029	85663	87
3030	55768	87
3031	15949	87
3032	156419	87
3033	66	87
3034	192858	87
3035	58444	87
3036	11914	87
3037	40902	87
3038	543	87
3039	8662	87
3040	18698	87
3041	137176	87
3042	81204	87
3043	12190	87
3044	45090	87
3045	1100	87
3046	44229	87
3047	6314	87
3048	8531	87
3049	397078	87
3050	5067	87
3051	173335	87
3052	26562	87
3053	18054	87
3054	89221	87
3055	92054	87
3056	8355	87
3057	207472	87
3058	762502	87
3059	45736	87
3060	16888	86
3061	10093	86
3062	35035	86
3063	110663	86
3064	7398	86
3065	15114	86
3066	153659	86
3067	15576	86
3068	100008	86
3069	22208	86
3070	77573	86
3071	9461	86
3072	34680	86
3073	15065	86
3074	57880	86
3075	957059	86
3076	2585	86
3077	14575	86
3078	11057	86
3079	4109	86
3080	107829	86
3081	93033	86
3082	28172	86
3083	18721	86
3084	925	86
3085	80274	86
3086	17651	86
3087	2030	86
3088	9876	86
3089	11030	86
3090	19943	85
3091	100791	85
3092	12627	85
3093	563667	85
3094	56328	85
3095	69046	85
3096	10825	85
3097	26744	85
3098	6262	85
3099	7326	85
3100	10053	85
3101	98181	85
3102	14680	85
3103	537547	85
3104	22923	85
3105	2771	85
3106	185730	85
3107	25178	85
3108	8034	85
3109	29847	85
3110	214941	85
3111	9688	85
3112	489	85
3113	4084	85
3114	15270	85
3115	134742	85
3116	26732	85
3117	9056	85
3118	67729	85
3119	201839	85
3120	22467	85
3121	285224	85
3122	110587	85
3123	15649	85
3124	7538	85
3125	1883	84
3126	587638	84
3127	14242	84
3128	16459	84
3129	258	84
3130	32709	84
3131	4434	84
3132	424474	84
3133	65795	84
3134	154754	84
3135	499482	84
3136	4254	84
3137	38998	84
3138	40383	84
3139	62476	84
3140	223523	84
3141	16889	84
3142	136973	84
3143	108497	84
3144	12071	84
3145	17788	84
3146	4370	84
3147	16408	84
3148	227175	84
3149	14900	84
3150	12929	84
3151	42506	84
3152	27723	84
3153	7471	84
3154	173926	84
3155	167186	83
3156	46529	83
3157	108661	83
3158	18153	83
3159	10764	83
3160	58446	83
3161	65850	83
3162	13318	83
3163	11323	83
3164	3514	83
3165	838522	83
3166	838613	83
3167	46442	83
3168	18163	83
3169	499809	83
3170	13588	83
3171	79057	83
3172	592577	83
3173	499807	83
3174	38991	83
3175	4117	83
3176	294893	83
3177	25138	83
3178	2421	83
3179	15255	83
3180	95820	83
3181	8948	83
3182	80094	83
3183	45913	83
3184	10984	83
3185	7490	83
3186	11810	83
3187	51504	83
3188	4789	82
3189	57340	82
3190	21065	82
3191	167078	82
3192	201449	82
3193	10090	82
3194	9023	82
3195	120027	82
3196	52619	82
3197	58379	82
3198	93530	82
3199	112757	82
3200	16480	82
3201	11360	82
3202	21993	82
3203	144445	82
3204	3770	82
3205	18059	82
3206	17884	82
3207	6298	82
3208	49172	82
3209	192792	82
3210	308067	82
3211	120602	82
3212	192930	82
3213	2354	82
3214	17676	82
3215	9100	82
3216	7987	82
3217	61960	82
3218	80238	82
3219	17942	82
3220	988723	82
3221	8529	82
3222	9860	82
3223	378418	82
3224	168412	82
3225	8874	81
3226	72878	81
3227	22716	81
3228	63871	81
3229	29842	81
3230	93831	81
3231	8981	81
3232	8520	81
3233	265976	81
3234	33907	81
3235	499505	81
3236	7339	81
3237	8195	81
3238	12500	81
3239	30139	81
3240	838543	81
3241	14241	81
3242	21163	81
3243	250971	81
3244	15523	81
3245	33387	81
3246	9274	81
3247	27065	81
3248	14401	81
3249	17875	81
3250	653359	81
3251	34391	81
3252	9654	81
3253	6273	81
3254	15686	81
3255	18156	81
3256	235588	81
3257	293005	81
3258	10468	81
3259	179515	80
3260	2100	80
3261	193455	80
3262	18231	80
3263	244170	80
3264	7255	80
3265	2863	80
3266	3518	80
3267	176214	80
3268	8064	80
3269	9875	80
3270	115073	80
3271	210792	80
3272	2924	80
3273	4363	80
3274	184587	80
3275	2826	80
3276	80350	80
3277	7512	80
3278	7537	80
3279	585766	80
3280	57358	80
3281	10158	80
3282	55163	80
3283	3845	79
3284	989517	79
3285	17404	79
3286	112702	79
3287	21111	79
3288	74495	79
3289	563751	79
3290	98242	79
3291	10611	79
3292	41229	79
3293	3131	79
3294	48611	79
3295	66224	79
3296	657152	79
3297	4619	79
3298	30372	79
3299	708	79
3300	9706	79
3301	9078	79
3302	96763	79
3303	32464	79
3304	8317	79
3305	13254	79
3306	293211	79
3307	8422	79
3308	47131	79
3309	12882	79
3310	11019	79
3311	838542	79
3312	82575	79
3313	3469	79
3314	10008	78
3315	126754	78
3316	3766	78
3317	74658	78
3318	279653	78
3319	80841	78
3320	113659	78
3321	494	78
3322	17313	78
3323	780891	78
3324	20790	78
3325	154760	78
3326	311120	78
3327	9029	78
3328	423160	78
3329	192789	78
3330	229060	78
3331	6376	78
3332	24099	78
3333	4626	78
3334	58061	78
3335	54429	78
3336	2950	78
3337	111286	78
3338	391995	78
3339	27606	78
3340	19599	78
3341	18046	78
3342	10330	78
3343	212921	78
3344	9102	78
3345	55344	78
3346	206237	78
3347	14580	78
3348	336910	78
3349	159547	77
3350	17116	77
3351	49833	77
3352	9915	77
3353	5821	77
3354	42639	77
3355	9387	77
3356	18032	77
3357	8412	77
3358	109899	77
3359	13190	77
3360	80250	77
3361	15886	77
3362	15134	77
3363	13833	77
3364	705819	77
3365	79802	77
3366	73015	77
3367	60182	77
3368	416973	77
3369	3149	77
3370	62890	77
3371	17212	77
3372	4588	77
3373	9735	77
3374	78119	77
3375	15650	77
3376	4589	77
3377	47369	77
3378	74233	77
3379	8442	76
3380	192833	76
3381	9238	76
3382	72188	76
3383	17815	76
3384	14589	76
3385	10921	76
3386	103272	76
3387	15407	76
3388	66031	76
3389	59251	76
3390	77593	76
3391	194558	76
3392	3727	76
3393	8727	76
3394	30400	76
3395	122622	76
3396	50112	76
3397	8065	76
3398	8365	76
3399	3971	76
3400	40086	76
3401	213550	76
3402	4371	76
3403	95625	76
3404	28808	76
3405	18164	76
3406	1532	76
3407	36396	76
3408	2763	76
3409	43499	76
3410	26734	76
3411	59517	76
3412	96557	76
3413	27769	76
3414	411927	76
3415	253577	76
3416	1825	75
3417	292824	75
3418	12646	75
3419	56931	75
3420	35508	75
3421	327724	75
3422	26636	75
3423	9313	75
3424	10027	75
3425	57812	75
3426	37775	75
3427	61639	75
3428	7754	75
3429	46490	75
3430	15678	75
3431	2479	75
3432	1046232	75
3433	28749	75
3434	490	75
3435	55264	75
3436	4264	75
3437	15204	75
3438	4172	75
3439	11432	75
3440	422170	75
3441	93518	75
3442	77587	75
3443	17406	75
3444	93566	75
3445	56493	75
3446	758354	75
3447	103273	75
3448	128243	75
3449	55973	75
3450	15425	75
3451	99962	75
3452	18125	75
3453	8528	75
3454	8447	75
3455	45363	75
3456	23388	75
3457	7335	75
3458	149374	74
3459	76717	74
3460	66754	74
3461	28625	74
3462	28397	74
3463	4031	74
3464	6261	74
3465	301563	74
3466	146467	74
3467	15062	74
3468	51808	74
3469	439786	74
3470	26214	74
3471	3565	74
3472	5161	74
3473	15810	74
3474	14279	74
3475	72863	74
3476	26809	74
3477	12801	74
3478	235757	74
3479	1059400	74
3480	18087	74
3481	12467	74
3482	7405	74
3483	14537	74
3484	499497	74
3485	17824	74
3486	77501	74
3487	75505	74
3488	51681	74
3489	9268	74
3490	24357	74
3491	14058	74
3492	31	74
3493	20556	74
3494	88548	74
3495	111056	74
3496	46668	74
3497	127914	74
3498	157785	74
3499	8962	74
3500	181697	74
3501	90525	74
3502	6378	73
3503	111593	73
3504	21569	73
3505	13836	73
3506	44240	73
3507	9466	73
3508	331615	73
3509	129573	73
3510	5594	73
3511	77551	73
3512	10055	73
3513	108014	73
3514	210555	73
3515	18675	73
3516	9215	73
3517	13597	73
3518	212936	73
3519	93020	73
3520	695860	73
3521	30895	73
3522	14320	73
3523	73022	73
3524	9548	73
3525	65	73
3526	10120	73
3527	42741	73
3528	9032	73
3529	44279	73
3530	51747	73
3531	22162	73
3532	193368	73
3533	93564	72
3534	190980	72
3535	35847	72
3536	27151	72
3537	14806	72
3538	128172	72
3539	423301	72
3540	175344	72
3541	15997	72
3542	127078	72
3543	506823	72
3544	6321	72
3545	76	72
3546	3316	72
3547	4217	72
3548	115728	72
3549	218830	72
3550	5262	72
3551	9158	72
3552	42235	72
3553	168645	72
3554	57319	72
3555	13434	72
3556	24829	72
3557	20559	72
3558	499485	72
3559	3147	72
3560	16525	72
3561	58242	72
3562	2961	72
3563	986970	72
3564	4353	72
3565	33422	72
3566	73340	72
3567	8614	72
3568	63194	72
3569	22882	71
3570	35531	71
3571	16974	71
3572	53852	71
3573	14488	71
3574	113882	71
3575	109609	71
3576	631261	71
3577	327	71
3578	10168	71
3579	49016	71
3580	190850	71
3581	52977	71
3582	702858	71
3583	1002733	71
3584	499618	71
3585	20427	71
3586	95834	71
3587	77683	71
3588	92989	71
3589	250	71
3590	60957	71
3591	75125	71
3592	713	71
3593	1179	71
3594	55943	71
3595	1706	71
3596	285795	71
3597	396968	71
3598	49395	71
3599	55193	71
3600	613364	71
3601	6159	71
3602	563689	71
3603	12628	71
3604	10817	71
3605	34784	71
3606	2705	71
3607	644835	71
3608	29543	71
3609	4603	71
3610	8639	71
3611	29783	71
3612	590199	71
3613	11428	71
3614	128296	71
3615	231449	70
3616	504531	70
3617	31680	70
3618	678	70
3619	55329	70
3620	10374	70
3621	26160	70
3622	26388	70
3623	685149	70
3624	59660	70
3625	79015	70
3626	77568	70
3627	10592	70
3628	6022	70
3629	65790	70
3630	65981	70
3631	2846	70
3632	10854	70
3633	8910	70
3634	191705	70
3635	91944	70
3636	81174	70
3637	24977	70
3638	7540	70
3639	78996	70
3640	6373	70
3641	314112	70
3642	14565	70
3643	86836	70
3644	6288	70
3645	698781	70
3646	73120	70
3647	2940	70
3648	46585	70
3649	33922	70
3650	16865	70
3651	290042	70
3652	61372	70
3653	99436	70
3654	563587	69
3655	499498	69
3656	17900	69
3657	13279	69
3658	50135	69
3659	106599	69
3660	93015	69
3661	17490	69
3662	62783	69
3663	67707	69
3664	326867	69
3665	10643	69
3666	34138	69
3667	2700	69
3668	8125	69
3669	6047	69
3670	72786	69
3671	31537	69
3672	4313	69
3673	209881	69
3674	9847	69
3675	28388	69
3676	42409	69
3677	28638	69
3678	14578	69
3679	157651	69
3680	285421	69
3681	12237	69
3682	8968	69
3683	26725	69
3684	77585	69
3685	25716	69
3686	15851	69
3687	37841	69
3688	47093	69
3689	1947	69
3690	54321	68
3691	39001	68
3692	767265	68
3693	246785	68
3694	9193	68
3695	723	68
3696	192794	68
3697	215	68
3698	11986	68
3699	53947	68
3700	3029	68
3701	38645	68
3702	96489	68
3703	68	68
3704	9	68
3705	45779	68
3706	92477	68
3707	93822	68
3708	153484	68
3709	4024	68
3710	17994	68
3711	12780	68
3712	71779	68
3713	2255	68
3714	13852	68
3715	173527	68
3716	55442	68
3717	7504	68
3718	9535	68
3719	34582	68
3720	8306	68
3721	5782	68
3722	499484	68
3723	1285	68
3724	57270	68
3725	173923	68
3726	424061	68
3727	4532	68
3728	212957	68
3729	36553	68
3730	8109	68
3731	10926	68
3732	60448	68
3733	12279	67
3734	927399	67
3735	193950	67
3736	7658	67
3737	167663	67
3738	64895	67
3739	2800	67
3740	234673	67
3741	173818	67
3742	294069	67
3743	115010	67
3744	138670	67
3745	612650	67
3746	208027	67
3747	4092	67
3748	654878	67
3749	767364	67
3750	22629	67
3751	55700	67
3752	10703	67
3753	448155	67
3754	66216	67
3755	10021	67
3756	44766	67
3757	612648	67
3758	12497	67
3759	14081	67
3760	2056	67
3761	72367	67
3762	1060289	67
3763	3269	67
3764	9289	67
3765	15522	67
3766	43927	67
3767	587846	67
3768	36890	67
3769	499512	67
3770	101310	67
3771	14530	67
3772	4165	67
3773	31872	67
3774	39095	67
3775	111393	67
3776	35590	67
3777	133159	67
3778	39549	67
3779	924125	67
3780	248065	67
3781	3720	66
3782	2258	66
3783	38751	66
3784	4078	66
3785	46687	66
3786	6149	66
3787	28404	66
3788	71516	66
3789	838569	66
3790	276	66
3791	332	66
3792	8455	66
3793	10214	66
3794	65773	66
3795	655825	66
3796	46028	66
3797	592077	66
3798	15766	66
3799	63216	66
3800	19687	66
3801	17591	66
3802	138199	66
3803	322816	66
3804	10269	66
3805	50772	66
3806	9512	66
3807	969074	66
3808	228259	66
3809	75957	66
3810	4607	66
3811	4690	65
3812	42499	65
3813	131126	65
3814	8133	65
3815	661897	65
3816	4536	65
3817	9538	65
3818	167409	65
3819	21810	65
3820	4297	65
3821	9272	65
3822	789	65
3823	93274	65
3824	2714	65
3825	3802	65
3826	686493	65
3827	106640	65
3828	20487	65
3829	99223	65
3830	28314	65
3831	2647	65
3832	51905	65
3833	157656	65
3834	72	65
3835	11254	65
3836	47390	65
3837	46464	65
3838	86758	65
3839	17317	65
3840	202414	65
3841	499522	65
3842	53978	65
3843	32703	65
3844	108	65
3845	829	65
3846	50230	65
3847	194675	65
3848	839	65
3849	4008	65
3850	1460	65
3851	4661	65
3852	6274	65
3853	59045	65
3854	5046	65
3855	2989	64
3856	77552	64
3857	19645	64
3858	24112	64
3859	93486	64
3860	7301	64
3861	98157	64
3862	47571	64
3863	258096	64
3864	34234	64
3865	33288	64
3866	5993	64
3867	77616	64
3868	199155	64
3869	509600	64
3870	14218	64
3871	6236	64
3872	281003	64
3873	150	64
3874	4250	64
3875	1477	64
3876	70221	64
3877	72124	64
3878	71339	64
3879	230875	64
3880	914465	64
3881	50305	64
3882	57386	64
3883	15236	64
3884	23567	64
3885	16494	64
3886	71584	64
3887	156	64
3888	18227	64
3889	58599	64
3890	4224	64
3891	46522	64
3892	24146	64
3893	2967563	64
3894	166922	64
3895	59050	64
3896	112765	64
3897	140474	64
3898	75324	64
3899	4704	64
3900	220266	64
3901	202	64
3902	7885	64
3903	80215	64
3904	30630	64
3905	6808	64
3906	326921	64
3907	41542	63
3908	10617	63
3909	137275	63
3910	52556	63
3911	101369	63
3912	9213	63
3913	17269	63
3914	8268	63
3915	14518	63
3916	6371	63
3917	16800	63
3918	52790	63
3919	7927	63
3920	58221	63
3921	133278	63
3922	15418	63
3923	229676	63
3924	22010	63
3925	17613	63
3926	72763	63
3927	151	63
3928	66055	63
3929	15730	63
3930	156321	63
3931	35954	63
3932	57128	63
3933	194349	63
3934	8360	63
3935	8619	63
3936	1759	63
3937	563675	63
3938	37030	63
3939	32363	63
3940	96430	63
3941	41196	63
3942	4655	63
3943	36499	63
3944	62677	63
3945	194358	63
3946	186	63
3947	6907	63
3948	308541	63
3949	7056	63
3950	464	63
3951	7424	63
3952	61315	63
3953	5617	63
3954	66190	63
3955	2956	63
3956	229572	63
3957	8497	63
3958	210277	63
3959	93358	62
3960	847290	62
3961	15618	62
3962	50386	62
3963	75139	62
3964	249629	62
3965	73121	62
3966	8252	62
3967	86883	62
3968	17026	62
3969	1779	62
3970	13559	62
3971	15181	62
3972	16114	62
3973	474102	62
3974	97350	62
3975	83496	62
3976	57545	62
3977	10766	62
3978	7031	62
3979	17754	62
3980	725645	62
3981	17643	62
3982	5574	62
3983	50459	62
3984	10599	62
3985	309264	62
3986	9336	62
3987	88488	62
3988	917396	62
3989	4096	62
3990	27527	62
3991	526597	62
3992	65908	62
3993	10327	62
3994	36386	62
3995	130440	62
3996	28604	62
3997	4114	62
3998	17479	62
3999	27639	62
4000	775871	62
4001	243817	62
4002	179136	62
4003	53882	62
4004	27059	62
4005	7899	62
4006	42271	62
4007	196600	62
4008	50241	62
4009	808836	62
4010	2839	62
4011	721118	62
4012	57021	62
4013	68034	62
4014	26038	62
4015	1060135	62
4016	81902	62
4017	18485	62
4018	2836	62
4019	4676	61
4020	13667	61
4021	3433	61
4022	3105	61
4023	129649	61
4024	75656	61
4025	9496	61
4026	24368	61
4027	9932	61
4028	150335	61
4029	914489	61
4030	15526	61
4031	324	61
4032	3741	61
4033	8461	61
4034	3042	61
4035	7881	61
4036	22807	61
4037	98160	61
4038	81039	61
4039	55746	61
4040	872554	61
4041	563679	61
4042	133449	61
4043	82523	61
4044	46521	61
4045	72812	61
4046	103194	61
4047	44801	61
4048	335521	61
4049	14128	61
4050	45726	61
4051	15120	61
4052	196351	61
4053	27237	61
4054	2832	61
4055	7107	61
4056	8349	61
4057	16078	61
4058	14590	61
4059	38735	61
4060	38798	61
4061	194356	61
4062	23351	61
4063	563725	61
4064	8107	61
4065	7928	61
4066	73365	60
4067	5081	60
4068	16619	60
4069	28678	60
4070	13317	60
4071	26030	60
4072	586639	60
4073	25960	60
4074	202515	60
4075	45986	60
4076	5590	60
4077	124515	60
4078	7274	60
4079	2757	60
4080	26158	60
4081	5923	60
4082	6804	60
4083	34868	60
4084	83342	60
4085	269114	60
4086	30589	60
4087	215741	60
4088	107920	60
4089	563818	60
4090	17373	60
4091	47785	60
4092	253684	60
4093	50922	60
4094	20181	60
4095	136370	60
4096	34324	60
4097	28319	60
4098	356436	60
4099	256028	60
4100	20337	60
4101	1002729	60
4102	18683	60
4103	34326	60
4104	326919	60
4105	92241	60
4106	18104	60
4107	11305	60
4108	872546	60
4109	2658	60
4110	60355	60
4111	9880	60
4112	46917	60
4113	222843	60
4114	89914	60
4115	207618	60
4116	43258	60
4117	293271	60
4118	98109	59
4119	11237	59
4120	11055	59
4121	353263	59
4122	81100	59
4123	8354	59
4124	171620	59
4125	22945	59
4126	155027	59
4127	1676	59
4128	77944	59
4129	10365	59
4130	40200	59
4131	7454	59
4132	12547	59
4133	3312	59
4134	51705	59
4135	17486	59
4136	14318	59
4137	19761	59
4138	13766	59
4139	49643	59
4140	4228	59
4141	872538	59
4142	159976	59
4143	16584	59
4144	34436	59
4145	956033	59
4146	8343	59
4147	36151	59
4148	108300	59
4149	373341	59
4150	35434	59
4151	35614	59
4152	15437	59
4153	179670	59
4154	37351	59
4155	949602	59
4156	7985	59
4157	61275	59
4158	322419	59
4159	16691	59
4160	385945	59
4161	2277	59
4162	173434	59
4163	339504	59
4164	19018	59
4165	234835	59
4166	52066	59
4167	18090	58
4168	113837	58
4169	13342	58
4170	5786	58
4171	212926	58
4172	159451	58
4173	10795	58
4174	5833	58
4175	17336	58
4176	60306	58
4177	17419	58
4178	72814	58
4179	19806	58
4180	157809	58
4181	767290	58
4182	13749	58
4183	23215	58
4184	10044	58
4185	192796	58
4186	7599	58
4187	15782	58
4188	17308	58
4189	138685	58
4190	293286	58
4191	7155	58
4192	399768	58
4193	96508	58
4194	53879	58
4195	23330	58
4196	26712	58
4197	50561	58
4198	14254	58
4199	75888	58
4200	235019	58
4201	46854	58
4202	7649	58
4203	9910	58
4204	11487	58
4205	3513	58
4206	39468	58
4207	872542	58
4208	563612	58
4209	12701	58
4210	11059	58
4211	190798	58
4212	2827	58
4213	46665	58
4214	327086	58
4215	13575	58
4216	9009	58
4217	16798	57
4218	52886	57
4219	82955	57
4220	721235	57
4221	47389	57
4222	107870	57
4223	17899	57
4224	8620	57
4225	276128	57
4226	89910	57
4227	81125	57
4228	105035	57
4229	15717	57
4230	69900	57
4231	586937	57
4232	27087	57
4233	21466	57
4234	300319	57
4235	156219	57
4236	11064	57
4237	11384	57
4238	27113	57
4239	9565	57
4240	9537	57
4241	133393	57
4242	163622	57
4243	5366	57
4244	57415	57
4245	192845	57
4246	77559	57
4247	9751	57
4248	700994	57
4249	15906	57
4250	18652	57
4251	201673	57
4252	3885	57
4253	3707	57
4254	12685	57
4255	4095	57
4256	24276	57
4257	48711	57
4258	108032	57
4259	4052	57
4260	98735	57
4261	48629	57
4262	237442	57
4263	499808	57
4264	878	57
4265	3974	57
4266	5335	57
4267	34561	57
4268	21417	57
4269	3522	56
4270	7277	56
4271	11508	56
4272	49372	56
4273	550508	56
4274	1154	56
4275	120864	56
4276	55326	56
4277	24719	56
4278	113445	56
4279	17734	56
4280	470016	56
4281	5514	56
4282	17245	56
4283	309630	56
4284	3787	56
4285	4656	56
4286	12082	56
4287	7363	56
4288	153662	56
4289	28656	56
4290	26219	56
4291	11298	56
4292	9089	56
4293	58119	56
4294	73097	56
4295	27638	56
4296	499501	56
4297	34762	56
4298	92160	56
4299	5700	56
4300	218360	56
4301	100072	56
4302	684702	56
4303	17003	56
4304	96070	56
4305	161939	56
4306	74834	56
4307	20935	56
4308	10287	56
4309	499504	56
4310	156861	56
4311	767479	56
4312	26463	56
4313	111626	56
4314	49583	56
4315	46899	56
4316	6359	56
4317	5773	56
4318	27684	56
4319	7882	56
4320	10398	56
4321	22214	56
4322	107395	56
4323	3896	56
4324	303774	56
4325	985306	56
4326	107753	56
4327	41090	56
4328	166485	56
4329	80322	55
4330	190568	55
4331	6266	55
4332	1002050	55
4333	5178	55
4334	28263	55
4335	5093	55
4336	13198	55
4337	563652	55
4338	209765	55
4339	57467	55
4340	144924	55
4341	619858	55
4342	136446	55
4343	927404	55
4344	10157	55
4345	295136	55
4346	654330	55
4347	1178	55
4348	75138	55
4349	243763	55
4350	30	55
4351	499515	55
4352	15915	55
4353	838528	55
4354	26889	55
4355	15485	55
4356	10705	55
4357	17493	55
4358	33732	55
4359	58246	55
4360	171548	55
4361	15788	55
4362	18430	55
4363	598311	55
4364	43390	55
4365	213570	55
4366	8954	55
4367	67672	55
4368	100036	55
4369	17456	55
4370	12283	55
4371	563757	55
4372	16708	55
4373	25720	55
4374	9732	55
4375	10904	55
4376	35713	55
4377	12207	55
4378	51213	55
4379	1990	55
4380	185049	55
4381	113047	55
4382	96854	55
4383	6271	55
4384	2252	55
4385	72889	55
4386	150715	55
4387	9335	55
4388	246459	55
4389	38630	55
4390	524	55
4391	28157	55
4392	416	54
4393	5564	54
4394	15929	54
4395	9577	54
4396	14252	54
4397	304373	54
4398	107747	54
4399	711474	54
4400	25890	54
4401	52166	54
4402	194272	54
4403	17243	54
4404	15731	54
4405	262596	54
4406	168287	54
4407	212933	54
4408	12145	54
4409	93757	54
4410	26654	54
4411	2517	54
4412	57320	54
4413	36324	54
4414	13285	54
4415	253549	54
4416	16696	54
4417	58519	54
4418	4591	54
4419	2545	54
4420	441338	54
4421	46466	54
4422	5226	54
4423	68279	54
4424	14475	54
4425	2	54
4426	28867	54
4427	25511	54
4428	39917	54
4429	11134	54
4430	15190	54
4431	113526	54
4432	7941	54
4433	3613	54
4434	80916	54
4435	14766	54
4436	22312	54
4437	598307	54
4438	14604	54
4439	922	54
4440	100794	54
4441	366834	54
4442	526	54
4443	2872335	54
4444	71166	54
4445	906312	54
4446	28168	54
4447	2190	54
4448	119582	54
4449	806468	54
4450	28997	53
4451	39036	53
4452	593018	53
4453	4500	53
4454	265249	53
4455	46520	53
4456	50317	53
4457	6243	53
4458	108580	53
4459	7472	53
4460	10982	53
4461	36250	53
4462	102742	53
4463	81287	53
4464	3300	53
4465	34984	53
4466	48478	53
4467	43479	53
4468	563687	53
4469	51536	53
4470	445702	53
4471	50204	53
4472	35650	53
4473	17594	53
4474	20278	53
4475	58274	53
4476	74246	53
4477	232150	53
4478	28822	53
4479	47705	53
4480	578	53
4481	135365	53
4482	48826	53
4483	86156	53
4484	33740	53
4485	24175	53
4486	67796	53
4487	97289	53
4488	534133	53
4489	7829	53
4490	6550	53
4491	107799	53
4492	11612	53
4493	6710	53
4494	104882	53
4495	99002	53
4496	110760	53
4497	17544	53
4498	8923	53
4499	55941	53
4500	77871	53
4501	734233	53
4502	7338	53
4503	215166	53
4504	906277	53
4505	80327	53
4506	604150	53
4507	1599	53
4508	7535	53
4509	503482	53
4510	130283	53
4511	6120	52
4512	44266	52
4513	16896	52
4514	40433	52
4515	150461	52
4516	177427	52
4517	39889	52
4518	4498	52
4519	46727	52
4520	11295	52
4521	245793	52
4522	9163	52
4523	82736	52
4524	55927	52
4525	349694	52
4526	2691	52
4527	91668	52
4528	7663	52
4529	230302	52
4530	18271	52
4531	4173	52
4532	8186	52
4533	8538	52
4534	49549	52
4535	71862	52
4536	43343	52
4537	3827	52
4538	772255	52
4539	155422	52
4540	22646	52
4541	563666	52
4542	15884	52
4543	290198	52
4544	150086	52
4545	4660	52
4546	96001	52
4547	142895	52
4548	305107	52
4549	27261	52
4550	306522	52
4551	36271	52
4552	26949	52
4553	8095	52
4554	84395	52
4555	159311	52
4556	2976	52
4557	8031	52
4558	75098	52
4559	104299	52
4560	36056	52
4561	581571	52
4562	3605	52
4563	293743	52
4564	866061	52
4565	282	52
4566	93459	52
4567	19349	52
4568	3769	52
4569	351867	52
4570	30777	52
4571	357633	52
4572	614183	52
4573	3004	52
4574	114928	52
4575	39166	51
4576	62556	51
4577	231664	51
4578	46016	51
4579	85455	51
4580	7578	51
4581	174	51
4582	2559	51
4583	17592	51
4584	146385	51
4585	30259	51
4586	17664	51
4587	80930	51
4588	27260	51
4589	6123	51
4590	98944	51
4591	88645	51
4592	872545	51
4593	10482	51
4594	14948	51
4595	9865	51
4596	41444	51
4597	9416	51
4598	114252	51
4599	58305	51
4600	44956	51
4601	8794	51
4602	14850	51
4603	9603	51
4604	17443	51
4605	26357	51
4606	101137	51
4607	11270	51
4608	13210	51
4609	120928	51
4610	48241	51
4611	543252	51
4612	40473	51
4613	264457	51
4614	206339	51
4615	50552	51
4616	7752	51
4617	82610	51
4618	190040	51
4619	736983	51
4620	95968	51
4621	6775	51
4622	69258	51
4623	83475	51
4624	256224	51
4625	7329	51
4626	300308	51
4627	38196	51
4628	478003	51
4629	17789	51
4630	20871	51
4631	252073	51
4632	563581	51
4633	13686	51
4634	238034	51
4635	115418	51
4636	52207	51
4637	18618	51
4638	80246	51
4639	20418	51
4640	256	51
4641	205640	51
4642	12464	51
4643	112412	51
4644	8307	51
4645	11509	51
4646	17372	51
4647	114554	51
4648	303353	51
4649	51983	51
4650	59280	51
4651	553066	51
4652	115584	51
4653	4087	51
4654	121151	51
4655	263999	51
4656	1893	51
4657	45558	50
4658	3952	50
4659	113002	50
4660	62302	50
4661	46553	50
4662	192835	50
4663	43581	50
4664	373113	50
4665	174047	50
4666	35098	50
4667	107088	50
4668	247191	50
4669	28574	50
4670	12163	50
4671	10421	50
4672	83820	50
4673	7858	50
4674	27783	50
4675	5498	50
4676	439	50
4677	16248	50
4678	89291	50
4679	246587	50
4680	927412	50
4681	10407	50
4682	9177	50
4683	9650	50
4684	255703	50
4685	7791	50
4686	30061	50
4687	22498	50
4688	50870	50
4689	86321	50
4690	42621	50
4691	99739	50
4692	76716	50
4693	42912	50
4694	36383	50
4695	43435	50
4696	6100	50
4697	914477	50
4698	121475	50
4699	18220	50
4700	13648	50
4701	75325	50
4702	76727	50
4703	156870	50
4704	2294	50
4705	563586	50
4706	39107	50
4707	563745	50
4708	198957	50
4709	729456	50
4710	16135	50
4711	218800	50
4712	1582	50
4713	10063	50
4714	66439	50
4715	3859	50
4716	470725	50
4717	262063	50
4718	27774	50
4719	42404	50
4720	55705	50
4721	9171	50
4722	303265	50
4723	230548	50
4724	35588	50
4725	256093	50
4726	22562	50
4727	52971	50
4728	3664	50
4729	191452	50
4730	128	50
4731	320892	50
4732	315286	50
4733	713132	50
4734	20497	50
4735	3504	49
4736	367981	49
4737	92966	49
4738	59540	49
4739	27443	49
4740	499503	49
4741	439416	49
4742	55048	49
4743	207752	49
4744	237810	49
4745	30577	49
4746	7900	49
4747	136615	49
4748	20093	49
4749	112717	49
4750	27879	49
4751	229606	49
4752	244703	49
4753	77592	49
4754	135708	49
4755	227965	49
4756	6046	49
4757	192938	49
4758	12070	49
4759	243203	49
4760	27645	49
4761	7549	49
4762	74582	49
4763	17839	49
4764	499508	49
4765	57428	49
4766	14533	49
4767	3854	49
4768	23486	49
4769	34544	49
4770	38959	49
4771	962370	49
4772	235751	49
4773	127083	49
4774	20269	49
4775	906266	49
4776	10239	49
4777	563585	49
4778	3689	49
4779	26554	49
4780	823588	49
4781	8612	49
4782	568737	49
4783	15105	49
4784	1526	49
4785	34887	49
4786	191711	49
4787	9898	49
4788	48958	49
4789	659986	49
4790	140602	49
4791	68915	49
4792	3529	49
4793	162	49
4794	145046	48
4795	68390	48
4796	738167	48
4797	267359	48
4798	64437	48
4799	71508	48
4800	12936	48
4801	17407	48
4802	7103	48
4803	60820	48
4804	40362	48
4805	8350	48
4806	4253	48
4807	4162	48
4808	28428	48
4809	16622	48
4810	1106	48
4811	26215	48
4812	3811	48
4813	18162	48
4814	132987	48
4815	17916	48
4816	2664	48
4817	256107	48
4818	685221	48
4819	5064	48
4820	39580	48
4821	17993	48
4822	423323	48
4823	420892	48
4824	10102	48
4825	57323	48
4826	713028	48
4827	13449	48
4828	27585	48
4829	11010	48
4830	73355	48
4831	3847	48
4832	73052	48
4833	954817	48
4834	712999	48
4835	173	48
4836	94126	48
4837	2244	48
4838	168446	48
4839	18401	48
4840	17168	48
4841	4220	48
4842	15917	48
4843	100673	48
4844	10167	48
4845	18605	48
4846	4293	48
4847	84468	48
4848	7135	48
4849	38775	48
4850	15342	48
4851	82409	48
4852	193139	48
4853	43284	48
4854	38942	48
4855	209847	48
4856	42363	48
4857	76293	48
4858	13236	48
4859	157411	48
4860	2646	48
4861	10671	48
4862	51109	48
4863	98219	48
4864	77321	48
4865	14181	48
4866	979	48
4867	10621	48
4868	44803	47
4869	34275	47
4870	97818	47
4871	9498	47
4872	108652	47
4873	167105	47
4874	2680	47
4875	12017	47
4876	12316	47
4877	8871	47
4878	138576	47
4879	49021	47
4880	73256	47
4881	150947	47
4882	4786	47
4883	26027	47
4884	914466	47
4885	129741	47
4886	5	47
4887	33952	47
4888	137460	47
4889	16426	47
4890	2852	47
4891	26025	47
4892	101160	47
4893	29940	47
4894	173719	47
4895	17545	47
4896	22901	47
4897	93976	47
4898	2454	47
4899	149575	47
4900	5158	47
4901	21604	47
4902	3055	47
4903	64722	47
4904	8281	47
4905	2355	47
4906	111668	47
4907	4493	47
4908	3129	47
4909	82471	47
4910	57474	47
4911	122	47
4912	192853	47
4913	17794	47
4914	57906	47
4915	49616	47
4916	99184	47
4917	592075	47
4918	18159	47
4919	499502	47
4920	18521	47
4921	51619	47
4922	5039	47
4923	119507	47
4924	30207	47
4925	62585	47
4926	9760	47
4927	2101	47
4928	1060288	47
4929	51717	47
4930	722154	47
4931	199524	47
4932	3961	47
4933	206386	47
4934	130808	47
4935	31219	47
4936	124365	47
4937	198178	47
4938	14275	47
4939	187	47
4940	8404	46
4941	309215	46
4942	23478	46
4943	151762	46
4944	232152	46
4945	4625	46
4946	9488	46
4947	59483	46
4948	7876	46
4949	384237	46
4950	66911	46
4951	10711	46
4952	596739	46
4953	35976	46
4954	54204	46
4955	17897	46
4956	14442	46
4957	686395	46
4958	10524	46
4959	121201	46
4960	56318	46
4961	3842	46
4962	3381	46
4963	42462	46
4964	93343	46
4965	19654	46
4966	9164	46
4967	285606	46
4968	80343	46
4969	192946	46
4970	42558	46
4971	95622	46
4972	16214	46
4973	36047	46
4974	41139	46
4975	59189	46
4976	213	46
4977	9211	46
4978	10737	46
4979	459936	46
4980	41847	46
4981	43361	46
4982	10094	46
4983	150829	46
4984	2210	46
4985	11116	46
4986	119825	46
4987	41213	46
4988	46482	46
4989	26451	46
4990	2416	46
4991	249827	46
4992	3717	46
4993	5616	46
4994	255274	46
4995	176	46
4996	85953	46
4997	93658	46
4998	7402	46
4999	615	46
